time_s,soc,battery_core_temp_c,battery_surface_temp_c,requested_station_power_w,grid_power_w,charger_loss_w,dc_bus_power_w,auxiliary_power_w,accepted_battery_power_w,curtailed_station_power_w,battery_current_a,battery_heat_w,temperature_factor,soc_factor,limiting_reason,power_ledger_residual_w,incremental_aging_damage,cumulative_aging_damage
0.0,0.202288854233927,-11.822288291701526,-12.062889991558595,220000.0,39745.28244877362,1987.2641224386825,37758.01832633494,5943.1578947368425,31814.860431598096,180254.71755122638,-88.31422007904956,175.84783817200218,0.15222421259137847,1.0,temperature,0.0,2.1725669180285185e-08,2.1725669180285185e-08
5.0,0.20291024080097192,-11.821179509867301,-11.8018763760025,220000.0,39744.662876491166,1987.23314382456,37757.429732666606,5943.1578947368425,31814.271837929766,180255.33712350883,-88.302301632697,175.69606534677155,0.15222139635373094,1.0,temperature,-3.637978807091713e-12,2.172155389373645e-08,4.3447223074021634e-08
10.0,0.2035316100183002,-11.818771932971156,-11.546679047262948,220000.0,39747.71202653531,1987.385601326765,37760.32642520854,5943.1578947368425,31817.1685304717,180252.2879734647,-88.29983614664957,175.64065323833324,0.15223525612665872,1.0,temperature,0.0,2.17217634575257e-08,6.516898653154734e-08
15.0,0.20415302661817203,-11.815099903097451,-11.297141928286226,220000.0,39754.33286299969,1987.7166431499863,37766.616219849704,5943.1578947368425,31823.458325112864,180245.6671370003,-88.30656945547075,175.67897383245645,0.15226535083786055,1.0,temperature,-3.637978807091713e-12,2.1726182401455365e-08,8.68951689330027e-08
20.0,0.20477455359164834,-11.810196843453044,-11.053113120057562,220000.0,39764.43094515242,1988.2215472576208,37776.209397894796,5943.1578947368425,31833.051503157956,180235.56905484758,-88.3222541255809,175.8085025467517,0.15231125121128186,1.0,temperature,-3.637978807091713e-12,2.173469997662694e-08,1.0862986890962965e-07
25.0,0.2053962522347473,-11.804095282554364,-10.81444478976744,220000.0,39777.91435917445,1988.8957179587233,37789.01864121573,5943.1578947368425,31845.860746478887,180222.08564082556,-88.346649282485,176.02681340942434,0.15237253945683696,1.0,temperature,-3.637978807091713e-12,2.1747209931050393e-08,1.3037707884068004e-07
30.0,0.20601818219341467,-11.79682687779481,-10.580993061963204,220000.0,39794.69365164585,1989.734682582297,37804.958969063555,5943.1578947368425,31861.80107432671,180205.30634835415,-88.3795204422056,176.33157446710015,0.15244880896807045,1.0,temperature,0.0,2.1763610297515125e-08,1.5214068913819517e-07
35.0,0.20664040150733673,-11.788422438407602,-10.352617912606766,220000.0,39814.68176473463,1990.7340882367353,37823.9476764979,5943.1578947368425,31880.789781761054,180185.31823526538,-88.42063934681902,176.72054341177943,0.15253966402756486,1.0,temperature,0.0,2.1783803192979343e-08,1.739244923311745e-07
40.0,0.2072629666526242,-11.778911947838894,-10.129183065961346,220000.0,39837.793973049505,1991.8896986524778,37845.90427439703,5943.1578947368425,31902.746379660184,180162.2060269505,-88.46978380401013,177.19156341748044,0.152644719519905,1.0,temperature,0.0,2.180769462878868e-08,1.9573218695996317e-07
45.0,0.20788593258339472,-11.768324585545596,-9.910555894232147,220000.0,39863.947822113376,1993.1973911056702,37870.750431007706,5943.1578947368425,31927.592536270866,180136.05217788662,-88.52673753054935,177.74255917726373,0.15276360065201383,1.0,temperature,-3.637978807091713e-12,2.183519433107546e-08,2.1756738129103863e-07
50.0,0.20850935277228086,-11.756688748232031,-9.696607319887866,220000.0,39893.06306841995,1994.6531534210008,37898.40991499895,5943.1578947368425,31955.252020262105,180106.93693158004,-88.5912899996083,178.37153313179647,0.15289594268068007,1.0,temperature,0.0,2.1866215570734745e-08,2.394335968617734e-07
55.0,0.20913327924988998,-11.744032070539248,-9.487211720591857,220000.0,39925.0616210323,1996.2530810516182,37928.80853998068,5943.1578947368425,31985.65064524384,180074.9383789677,-88.66323629182214,179.07656188076544,0.1530413906470996,1.0,temperature,-3.637978807091713e-12,2.1900675002410415e-08,2.613342718641838e-07
60.0,0.20975776264324195,-11.730381445200447,-9.282246836673613,220000.0,39959.867484687406,1997.993374234371,37961.874110453035,5943.1578947368425,32018.716215716195,180040.13251531258,-88.74237695001858,179.85579276892054,0.15319959911825942,1.0,temperature,-3.637978807091713e-12,2.1938492511962617e-08,2.832727643761464e-07
65.0,0.21038285221320976,-11.715763042675723,-9.08159368107308,220000.0,39997.406704369125,1999.8703352184602,37997.536369150665,5943.1578947368425,32054.378474413825,180002.59329563088,-88.82851783753011,180.70744063873065,0.15337023193499444,1.0,temperature,-3.637978807091713e-12,2.1979591071921287e-08,3.052523554480677e-07
70.0,0.21100859589098758,-11.700202330279001,-8.885136451692066,220000.0,40037.60731131216,2001.8803655656084,38035.72694574655,5943.1578947368425,32092.569051009712,179962.39268868783,-88.9214700000046,181.62978474192232,0.15355296196655346,1.0,temperature,-3.637978807091713e-12,2.2023896604460194e-08,3.272762520525279e-07
75.0,0.2116350403136106,-11.683724090809717,-8.692762446088745,220000.0,40080.3992704031,2004.019963520157,38076.37930688294,5943.1578947368425,32133.2214121461,179919.60072959692,-89.02104953063905,182.62116580255395,0.15374747087151247,1.0,temperature,-3.637978807091713e-12,2.2071337851457898e-08,3.4934758990398583e-07
80.0,0.21226223085855,-11.666352440701578,-8.504361978452954,220000.0,40125.714428943626,2006.2857214471805,38119.428707496445,5943.1578947368425,32176.270812759605,179874.28557105636,-89.12707743875771,183.6799832245032,0.15395344886487855,1.0,temperature,-3.637978807091713e-12,2.2121846251238084e-08,3.714694361552239e-07
85.0,0.2128902116774061,-11.648110847700382,-8.31982829880159,220000.0,40173.486466741,2008.6743233370507,38164.81214340395,5943.1578947368425,32221.65424866711,179826.51353325899,-89.23937952165537,184.8046924365009,0.15417059449123027,1.0,temperature,-3.637978807091713e-12,2.217535582160643e-08,3.9364479197683036e-07
90.0,0.21351902572872206,-11.629022148082623,-8.139057514335036,220000.0,40223.65084749426,2011.182542374714,38212.468305119546,5943.1578947368425,32269.310410382703,179776.34915250575,-89.35778623963536,185.99380236822185,0.15439861440374525,1.0,temperature,0.0,2.223180304882667e-08,4.15876595025657e-07
95.0,0.21414871480994027,-11.60910856342637,-7.961948512897089,220000.0,40276.144771443156,2013.8072385721607,38262.337532870995,5943.1578947368425,32319.179638134156,179723.85522855684,-89.48213259416661,187.24587305111288,0.15463722314896722,1.0,temperature,-3.637978807091713e-12,2.2291126782199594e-08,4.381677218078566e-07
100.0,0.21477931958852273,-11.588391716945592,-7.788402888482392,220000.0,40330.907129247884,2016.5453564623967,38314.36177278549,5943.1578947368425,32371.203878048644,179669.09287075212,-89.61225800908736,188.5595133379362,0.1548861429571704,1.0,temperature,0.0,2.2353268133929155e-08,4.605209899417858e-07
105.0,0.2154108796322564,-11.566892649398865,-7.6183248687368295,220000.0,40387.87845707002,2019.3939228535019,38368.48453421652,5943.1578947368425,32425.32663947968,179612.12154292996,-89.74800621478833,189.933378735303,0.15514510353818012,1.0,temperature,-3.637978807091713e-12,2.2418170383980553e-08,4.829391603257664e-07
110.0,0.21604343343876412,-11.544631834583138,-7.451621244397799,220000.0,40447.00089282346,2022.350044641178,38424.65084818228,5943.1578947368425,32481.49295344544,179552.99910717655,-89.88922513530326,191.36616934363815,0.1554138418825142,1.0,temperature,0.0,2.2485778889651174e-08,5.054249392154175e-07
115.0,0.21667701846424064,-11.521629194423008,-7.288201300622669,220000.0,40508.21813356675,2025.4109066783421,38482.807226888406,5943.1578947368425,32539.649332151563,179491.78186643324,-90.03576677824192,192.85662789933872,0.15569210206771078,1.0,temperature,0.0,2.255604099959515e-08,5.279809802150126e-07
120.0,0.21731167115143413,-11.497904113665664,-7.127976750155096,220000.0,40571.475394007124,2028.573769700357,38542.90162430677,5943.1578947368425,32599.743729569927,179428.5246059929,-90.1874871274961,194.40353791403402,0.1559796350697124,1.0,temperature,-3.637978807091713e-12,2.262890597205327e-08,5.506098861870659e-07
125.0,0.21794742695689134,-11.473475454191451,-6.970861668280203,220000.0,40636.71936608976,2031.835968304491,38604.88339778527,5943.1578947368425,32661.72550304843,179363.28063391024,-90.34424603865837,196.0057219061946,0.1562761985791792,1.0,temperature,-3.637978807091713e-12,2.2704324897060662e-08,5.733142110841265e-07
130.0,0.21858432037748565,-11.448361568949784,-6.816772429520922,220000.0,40703.89817964392,2035.194908982201,38668.70327066172,5943.1578947368425,32725.545375924878,179296.1018203561,-90.50590713708763,197.66203972045207,0.15658155682260688,1.0,temperature,-3.637978807091713e-12,2.2782250622414198e-08,5.960964617065408e-07
135.0,0.21922238497624585,-11.422580315529874,-6.665627646029055,220000.0,40772.9613640584,2038.6480682029214,38734.31329585548,5943.1578947368425,32791.15540111864,179227.0386359416,-90.67233771855663,199.37138693020495,0.15689548038812773,1.0,temperature,0.0,2.286263768319426e-08,6.18959099389735e-07
140.0,0.2198616534075037,-11.396149069375536,-6.517348107625844,220000.0,40843.85981096319,2042.1929905481593,38801.666820415034,5943.1578947368425,32858.508925678194,179156.1401890368,-90.84340865242835,201.1326933194282,0.15721774605587657,1.0,temperature,0.0,2.2945442234652402e-08,6.419045416243874e-07
145.0,0.22050215744137722,-11.36908473665311,-6.37185672344804,220000.0,40916.545737887616,2045.8272868943823,38870.718450993234,5943.1578947368425,32927.560556256394,179083.45426211238,-91.01899428729114,202.94492143954994,0.1575481366328058,1.0,temperature,0.0,2.3030621988280166e-08,6.649351636126676e-07
150.0,0.22114392798760724,-11.341403766781324,-6.229078465156607,220000.0,40990.972652874276,2049.5486326437167,38941.42402023056,5943.1578947368425,32998.26612549372,179009.02734712572,-91.19897235900412,204.80706523771778,0.15788644079183614,1.0,temperature,0.0,2.3118136150892973e-08,6.880532997635605e-07
155.0,0.22178699511876304,-11.313122164631718,-6.088940311666362,220000.0,41067.09532002171,2053.354766001088,39013.740554020624,5943.1578947368425,33070.582659283784,178932.9046799783,-91.38322390108908,206.71814875275004,0.15823245291523347,1.0,temperature,0.0,2.3207945366566383e-08,7.112612451301269e-07
160.0,0.22243138809283375,-11.284255502408005,-5.951371195355933,220000.0,41144.86972593316,2057.243486296662,39087.6262396365,5943.1578947368425,33144.46834489966,178855.13027406685,-91.57163315741492,208.67722487533422,0.15858597294210353,1.0,temperature,0.0,2.3300011661274996e-08,7.345612567914019e-07
165.0,0.2230771353752209,-11.254818931212624,-5.8163019497185005,220000.0,41224.25304704835,2061.2126523524203,39163.04039469593,5943.1578947368425,33219.88249995909,178775.74695295165,-91.76408749712066,210.68337416920428,0.15894680621989993,1.0,temperature,0.0,2.3394298390092024e-08,7.57955555181494e-07
170.0,0.22372426466014783,-11.22482719230844,-5.683665258414839,220000.0,41305.203617835614,2065.2601808917825,39239.94343694383,5943.1578947368425,33296.78554220699,178694.79638216438,-91.96047733172212,212.73570375015186,0.1593147633598422,1.0,temperature,0.0,2.349077018681544e-08,7.814463253683095e-07
175.0,0.22437280289150066,-11.194294628083448,-5.553395605691202,220000.0,41387.68089982214,2069.3840449911077,39318.29685483103,5943.1578947368425,33375.13896009419,178612.31910017785,-92.16069603434973,214.83334621988695,0.1596896600961445,1.0,temperature,0.0,2.358939291589405e-08,8.050357182842035e-07
180.0,0.22502277628311557,-11.163235192726066,-5.425429228125568,220000.0,41471.64545144083,2073.5822725720427,39398.06317886879,5943.1578947368425,33454.90528413195,178528.35454855917,-92.36463986106587,216.97545865192967,0.1600713171489569,1.0,temperature,0.0,2.3690133626535096e-08,8.287258519107386e-07
185.0,0.2256742103385267,-11.1316624626185,-5.299704067666754,220000.0,41557.0588986737,2077.8529449336856,39479.20595374001,5943.1578947368425,33536.04805900317,178442.94110132632,-92.57220787421333,219.16122162685838,0.16045956009092416,1.0,temperature,0.0,2.3792960508881292e-08,8.525188124196198e-07
190.0,0.22632712987018858,-11.099589646455396,-5.176159725931842,220000.0,41643.8839064695,2082.194195323478,39561.68971114602,5943.1578947368425,33618.53181640918,178356.1160935305,-92.7833018677411,221.38983831430141,0.16085421921726875,1.0,temperature,0.0,2.3897842852149763e-08,8.764166552717696e-07
195.0,0.22698155901818667,-11.067029595094892,-5.054737419728264,220000.0,41732.08415091803,2086.6042075459045,39645.47994337213,5943.1578947368425,33702.32204863529,178267.91584908197,-92.99782629446543,223.66053359932664,0.16125512941930756,1.0,temperature,0.0,2.4004751004635612e-08,9.004214062764052e-07
200.0,0.22763752126844927,-11.033994811148968,-4.935379937767819,220000.0,41821.624292159395,2091.0812146079697,39730.543077551425,5943.1578947368425,33787.385182814585,178178.3757078406,-93.21568819521268,225.9725532508387,0.16166213006131386,1.0,temperature,0.0,2.4113656335482615e-08,9.245350626118878e-07
205.0,0.2282950394704738,-11.000497458319828,-4.8180315985407285,220000.0,41912.46994801067,2095.6234974005347,39816.84645061014,5943.1578947368425,33873.6885558733,178087.53005198934,-93.43679712980226,228.3251631298515,0.16207506486063789,1.0,temperature,0.0,2.4224531198134247e-08,9.48759593810022e-07
210.0,0.22895413585457997,-10.966549370488886,-4.702638209318714,220000.0,42004.58766829081,2100.2293834145457,39904.35828487627,5943.1578947368425,33961.20039013943,177995.41233170917,-93.66106510982216,230.71764843553092,0.16249378177100215,1.0,temperature,0.0,2.4337348895379804e-08,9.730969427054018e-07
215.0,0.22961483204870214,-10.932162060564785,-4.589147026256889,220000.0,42097.94490982591,2104.8972454912946,39993.04766433461,5943.1578947368425,34049.88976959777,177902.05509017408,-93.88840653315351,233.1493129870397,0.16291813286888893,1.0,temperature,0.0,2.4452083645915988e-08,9.975490263513179e-07
220.0,0.23027714909473318,-10.897346729096675,-4.477506715565069,220000.0,42192.5100121172,2109.6255006058636,40082.884511511336,5943.1578947368425,34139.7266167745,177807.4899878828,-94.11873812020131,235.61947853931747,0.16334797424294017,1.0,temperature,0.0,2.4568710552349106e-08,1.022117736903667e-06
225.0,0.23094110746443094,-10.862114272658872,-4.367667315719889,220000.0,42288.25217365448,2114.4126086827237,40173.83956497176,5943.1578947368425,34230.68167023492,177711.74782634553,-94.35197885178819,238.12748413101735,0.16378316588629155,1.0,temperature,0.0,2.468720557056651e-08,1.0468049424742334e-06
230.0,0.23160672707489938,-10.826475292012823,-4.259580200689859,220000.0,42385.14142885848,2119.257071442924,40265.884357415554,5943.1578947368425,34322.726462678715,177614.85857114152,-94.58804990867097,240.67268546292064,0.1642235715917641,1.0,temperature,0.0,2.48075454804105e-08,1.071612487954644e-06
235.0,0.23227402730365498,-10.790440100052193,-4.153198044146263,220000.0,42483.1486256351,2124.157431281754,40358.991194353344,5943.1578947368425,34415.833299616505,177516.8513743649,-94.82687461263787,243.25445430521927,0.16466905884983973,1.0,temperature,0.0,2.492970785758997e-08,1.096542195812234e-06
240.0,0.23294302700328973,-10.754018729536714,-4.048474784633509,220000.0,42582.24540352683,2129.112270176345,40453.133133350486,5943.1578947368425,34509.975238613646,177417.75459647318,-95.0683783691494,245.87217793218315,0.16511949874934762,1.0,temperature,0.0,2.505367104677166e-08,1.1215958668590056e-06
245.0,0.2336137445157409,-10.71722094062032,-3.9453655916732306,220000.0,42682.40417244432,2134.1202086222183,40548.283963822105,5943.1578947368425,34605.126069085265,177317.5958275557,-95.31248861148156,248.52525858274623,0.16557476588079106,1.0,temperature,0.0,2.5179414135791418e-08,1.146775280994797e-06
250.0,0.2342861976861781,-10.68005622817893,-3.843826832777157,220000.0,42783.59809196446,2139.179904598226,40644.41818736623,5943.1578947368425,34701.26029262939,177216.40190803554,-95.5591347463362,251.2131129456899,0.16603473824224602,1.0,temperature,0.0,2.5306916930934157e-08,1.1720821979257313e-06
255.0,0.2349604038765176,-10.642533828943131,-3.7438160413444046,220000.0,42885.80105117828,2144.290052558914,40741.510998619364,5943.1578947368425,34798.353103882524,177114.19894882172,-95.8082481008785,253.9351716680851,0.16649929714776338,1.0,temperature,0.0,2.54361599332296e-08,1.1975183578589608e-06
260.0,0.23563637997857398,-10.60466272844085,-3.645291885419511,220000.0,42988.987649076764,2149.4493824538367,40839.53826662293,5943.1578947368425,34896.38037188609,177011.01235092324,-96.05976187116973,256.6908788858524,0.16696832713821086,1.0,temperature,0.0,2.5567124315716417e-08,1.2230854821746773e-06
265.0,0.2363141424268581,-10.566451667755016,-3.548214137288155,220000.0,43093.13317545804,2154.656658772903,40938.476516685136,5943.1578947368425,34995.318621948296,176906.86682454197,-96.31361107195573,259.4796917752061,0.16744171589448936,1.0,temperature,0.0,2.569979190162889e-08,1.2487852740763062e-06
270.0,0.23699370721103138,-10.52790915010105,-3.4525436438881254,220000.0,43198.213592344066,2159.9106796172055,41038.30291272686,5943.1578947368425,35095.14501799002,176801.78640765592,-96.5697324877804,262.3010801239585,0.1679193541530623,1.0,temperature,0.0,2.5834145143462412e-08,1.2746194192197687e-06
275.0,0.23767508988802485,-10.489043447228912,-3.3582422980137014,220000.0,43304.20551589248,2165.210275794627,41138.99524009785,5943.1578947368425,35195.83734536101,176695.79448410752,-96.8280646253879,265.15452592160614,0.16840113562373688,1.0,temperature,0.0,2.5970167102877e-08,1.3005895863226457e-06
280.0,0.23835830559383236,-10.44986260565432,-3.2652730102921836,220000.0,43411.08619879083,2170.5543099395436,41240.531888851285,5943.1578947368425,35297.373994114445,176588.9138012092,-97.08854766738183,268.03952296723673,0.16888695690963862,1.0,temperature,0.0,2.6107841431399436e-08,1.326697427754045e-06
285.0,0.2390433690549861,-10.410374452723635,-3.173599681911892,220000.0,43518.833513121,2175.941675656053,41342.891837464944,5943.1578947368425,35399.733942728104,176481.166486879,-97.35112342711052,270.9555764943477,0.16937671742932103,1.0,temperature,0.0,2.6247152351888174e-08,1.3529445801059333e-06
290.0,0.2397302945997232,-10.370586602516791,-3.0831871780814937,220000.0,43627.425933680366,2181.3712966840176,41446.05463699635,5943.1578947368425,35502.89674225951,176372.57406631962,-97.61573530474408,273.9022028116633,0.16987031934095456,1.0,temperature,0.0,2.6388084640723976e-08,1.3793326647466572e-06
295.0,0.24041909616885127,-10.33050646159252,-2.994001302201059,220000.0,43736.84252174923,2186.84212608746,41550.00039566177,5943.1578947368425,35606.84250092493,176263.15747825077,-97.88232824451664,276.8789289591699,0.1703676674685401,1.0,temperature,0.0,2.653062361069535e-08,1.4058632883573526e-06
300.0,0.24110978732632124,-10.290141234580055,-2.9060087707257805,220000.0,43847.0629092909,2192.353145464549,41654.70976382635,5943.1578947368425,35711.55186908951,176152.9370907091,-98.15084869309982,279.8852923785388,0.1708686692300935,1.0,temperature,0.0,2.667475509454508e-08,1.4325380434518977e-06
305.0,0.24180238126951478,-10.249497929621347,-2.8191771887037786,220000.0,43958.06728357517,2197.903364178761,41760.16391939641,5943.1578947368425,35817.00602465957,176041.93271642484,-98.42124455908309,282.92084059725164,0.17137323456774933,1.0,temperature,0.0,2.6820465429150375e-08,1.459358508881048e-06
310.0,0.2424968908392544,-10.208583363667737,-2.7334750259699367,220000.0,44069.836372211685,2203.491818610586,41866.3445536011,5943.1578947368425,35923.18665886426,175930.1636277883,-98.69346517352675,285.98513092565486,0.17188127587973318,1.0,temperature,0.0,2.6967741440305074e-08,1.486326250321353e-06
315.0,0.2431933285295432,-10.167404167634954,-2.6488715939781744,220000.0,44182.35142858412,2209.1175714292112,41973.23385715491,5943.1578947368425,36030.07596241807,175817.64857141586,-98.96746125156483,289.07773016635053,0.1723927079541533,1.0,temperature,0.0,2.7116570428079327e-08,1.5134428207494324e-06
320.0,0.24389170649704156,-10.125966791420154,-2.565337023255046,220000.0,44295.5942176742,2214.7797108837112,42080.81450679049,5943.1578947368425,36137.65661205365,175704.4057823258,-99.2431848550293,292.1982143352702,0.17290744790456308,1.0,temperature,0.0,2.7266940152730985e-08,1.5407097609021633e-06
325.0,0.24459203657028797,-10.084277508784673,-2.482842241458007,220000.0,44409.54700226488,2220.477350113244,42189.06965215164,5943.1578947368425,36245.9117574148,175590.45299773512,-99.52058935606843,295.3461683938365,0.17342541510724807,1.0,temperature,0.0,2.7418838821142995e-08,1.5681285997233064e-06
330.0,0.24529433025867053,-10.042342422106044,-2.40135895202214,220000.0,44524.19252951258,2226.209626475633,42297.982903036944,5943.1578947368425,36354.825008300104,175475.80747048743,-99.7996294017333,298.52118599164555,0.1739465311401916,1.0,temperature,0.0,2.757225507376429e-08,1.5957008547970707e-06
335.0,0.24599859876115596,-10.000167467002742,-2.320859613379555,220000.0,44639.51401787867,2231.975700893934,42407.538316984734,5943.1578947368425,36464.380422247894,175360.48598212132,-100.08026087950769,301.7228692191454,0.17447071972367445,1.0,temperature,0.0,2.772717797203232e-08,1.623428032769103e-06
340.0,0.24670485297478242,-9.957758416835022,-2.24131741873612,220000.0,44755.495144412795,2237.7747572206426,42517.72038719215,5943.1578947368425,36574.56249245531,175244.5048555872,-100.36244088376124,304.95082836988104,0.17499790666246573,1.0,temperature,0.0,2.7883596986257543e-08,1.6513116297553606e-06
345.0,0.2474131035029227,-9.915120887085163,-2.162706276390565,220000.0,44872.120032374034,2243.606001618704,42628.51403075533,5943.1578947368425,36685.35613601849,175127.87996762595,-100.64612768309115,308.20468171166715,0.17552801978956223,1.0,temperature,0.0,2.804150198394642e-08,1.679353131739307e-06
350.0,0.24812336066332355,-9.87226033962029,-2.085000790581427,220000.0,44989.37323918614,2249.468661959312,42739.90457722683,5943.1578947368425,36796.74668248999,175010.62676081387,-100.93128068854159,311.48405526643273,0.17606098891143546,1.0,temperature,0.0,2.820088321854788e-08,1.707554014957855e-06
355.0,0.24883563449592752,-9.829182086840909,-2.0081762428476693,220000.0,45107.23974471455,2255.3619872357303,42851.87775747882,5943.1578947368425,36908.71986274198,174892.76025528545,-101.2178604226698,314.78858259818946,0.17659674575474638,1.0,temperature,0.0,2.8361731318603423e-08,1.7359157462764583e-06
360.0,0.24954993477048285,-9.785891295718196,-1.9322085738892105,220000.0,45225.70493985791,2261.2852469928985,42964.41969286501,5943.1578947368425,37021.26179812817,174774.2950601421,-101.50582848943947,318.11790460876716,0.17713522391448866,1.0,temperature,0.0,2.8524037277283812e-08,1.764439783553742e-06
365.0,0.2502662709939471,-9.742392991722987,-1.8570743659139475,220000.0,45344.75461544525,2267.2377307722636,43077.51688467299,5943.1578947368425,37134.35898993615,174655.24538455476,-101.79514754491889,321.47166934093,0.17767635880352256,1.0,temperature,0.0,2.868779244229518e-08,1.7931275759960373e-06
370.0,0.2509846524176903,-9.698692062649355,-1.782750825458227,220000.0,45464.374951432175,2273.2187475716128,43191.15620386056,5943.1578947368425,37247.99830912372,174535.62504856783,-102.08578126876675,324.8495317885679,0.17822008760346264,1.0,temperature,0.0,2.8852988506142777e-08,1.82198056450218e-06
375.0,0.25170508804450253,-9.654793262335591,-1.7092157666680694,220000.0,45584.552506384665,2279.227625319232,43305.32488106543,5943.1578947368425,37362.16698632859,174415.44749361533,-102.3776943364754,328.2511537134925,0.17876634921688306,1.0,temperature,0.0,2.9019617496730985e-08,1.851000181998911e-06
380.0,0.25242758663541176,-9.610701214285298,-1.636447595028785,220000.0,45705.27420724746,2285.2637103623783,43420.01049688508,5943.1578947368425,37476.85260214824,174294.72579275255,-102.67085239236427,331.6762034687024,0.1793150842208051,1.0,temperature,0.0,2.918767176829294e-08,1.880187853767204e-06
385.0,0.2531521567163164,-9.566420415191283,-1.5644252915309522,220000.0,45826.5273393858,2291.3263669692897,43535.20097241651,5943.1578947368425,37592.04307767967,174173.4726606142,-102.96522202329419,335.12435582768205,0.17986623482143377,1.0,temperature,0.0,2.9357143992631014e-08,1.909544997759835e-06
390.0,0.2538788065844381,-9.52195523836483,-1.4931283972610592,220000.0,45948.2995368943,2297.414976844717,43650.884560049584,5943.1578947368425,37707.726665312744,174051.7004631057,-103.2607707330857,338.5952918194623,0.18041974481010897,1.0,temperature,0.0,2.952802715065677e-08,1.9390730249104916e-06
395.0,0.2546075443145992,-9.477309937072874,-1.422536998405411,220000.0,46070.57877316708,2303.5289386583536,43767.049834508725,5943.1578947368425,37823.891939771886,173929.42122683293,-103.55746691762755,342.08869856927265,0.18097555952043964,1.0,temperature,0.0,2.9700314524220034e-08,1.9687733394347118e-06
400.0,0.2553383777653297,-9.432488647785531,-1.3526317116562212,220000.0,46193.35335171997,2309.667667586,43883.68568413397,5943.1578947368425,37940.52778939713,173806.64664828003,-103.85527984064944,345.60426914438835,0.18153362578658905,1.0,temperature,0.0,2.987399968821292e-08,1.9986473391229245e-06
405.0,0.25607131458480853,-9.387495393336398,-1.2833936700090953,220000.0,46316.61189726013,2315.8305948630077,44000.781302397125,5943.1578947368425,38057.623407660285,173683.38810273987,-104.15417961014869,349.14170240505996,0.18209389190268088,1.0,temperature,0.0,3.004907650293898e-08,2.0286964156258633e-06
410.0,0.25680636221664316,-9.342334085997916,-1.2148045089414092,220000.0,46440.3433469953,2322.017167349768,44118.32617964553,5943.1578947368425,38175.168284908694,173559.6566530047,-104.45413715544913,352.70070286021837,0.18265630758329504,1.0,temperature,0.0,3.0225539106737544e-08,2.058921954732601e-06
415.0,0.2575435279054923,-9.29700853047411,-1.1468463529613624,220000.0,46564.536942176106,2328.22684710881,44236.310095067296,5943.1578947368425,38293.152200330456,173435.4630578239,-104.75512420487597,356.2809805277574,0.18322082392502603,1.0,temperature,0.0,3.04033819088511e-08,2.089325336641452e-06
420.0,0.2582828187025355,-9.251522426812873,-1.0795018025177614,220000.0,46689.182219866525,2334.4591109933317,44354.72310887319,5943.1578947368425,38411.56521413635,173310.81778013348,-105.05711326403318,359.88225079922813,0.18378739336907363,1.0,temperature,0.0,3.0582599582528736e-08,2.1199079362239807e-06
425.0,0.2590242414707942,-9.205879373239966,-1.0127539212608585,220000.0,46814.269004934984,2340.7134502467525,44473.55555468823,5943.1578947368425,38530.39765995139,173185.730995065,-105.36007759466389,363.50423430870205,0.18435596966483908,1.0,temperature,0.0,3.0763187058354335e-08,2.150671123282335e-06
430.0,0.2597678028903081,-9.160082868916838,-0.9465862236448228,220000.0,46939.78740226047,2346.9893701130277,44592.79803214744,5943.1578947368425,38649.6401374106,173060.21259773953,-105.6639911940793,367.1466568056336,0.18492650783450043,1.0,temperature,0.0,3.094513951779151e-08,2.1816162628001267e-06
435.0,0.2605135094631702,-9.114136316624274,-0.8809826628626832,220000.0,47065.727789149045,2353.286389457455,44712.44139969159,5943.1578947368425,38769.28350495475,172934.27221085096,-105.96882877514366,370.80924903159234,0.1854989641385395,1.0,temperature,0.0,3.1128452386937406e-08,2.212744715187064e-06
440.0,0.26126136751842544,-9.068043025373878,-0.8159276191048191,220000.0,47192.08080795362,2359.6040403976804,44832.47676755594,5943.1578947368425,38889.3188728191,172807.9191920464,-106.27456574679665,374.4917466006451,0.18607329604219658,1.0,temperature,0.0,3.1313121330476885e-08,2.2440578365175407e-06
445.0,0.2620113832168354,-9.021806212949333,-0.7514058881323205,220000.0,47318.83735889218,2365.94186794461,44952.89549094757,5943.1578947368425,39009.73759621073,172681.1626411078,-106.58117819510076,378.1938898832532,0.18664946218282652,1.0,temperature,0.0,3.1499142245829e-08,2.2755569787633697e-06
450.0,0.26276356255551364,-8.97542900837928,-0.6874026701567684,220000.0,47445.98859305964,2372.299429652987,45073.689163406656,5943.1578947368425,39130.531268669816,172554.01140694035,-106.88864286480063,381.9154238935697,0.18722742233813333,1.0,temperature,0.0,3.16865112574793e-08,2.307243490020849e-06
455.0,0.26351791137243447,-8.928914454343694,-0.6239035590182157,220000.0,47573.52590562732,2378.676295281366,45194.849610345955,5943.1578947368425,39251.691715609115,172426.47409437268,-107.19693714137884,385.6560981799498,0.187807137395259,1.0,temperature,0.0,3.187522471149103e-08,2.33911871473234e-06
460.0,0.264274435350819,-8.882265509515506,-0.5608945316533663,220000.0,47701.440929225224,2385.0720464612605,45316.36888276396,5943.1578947368425,39373.210988027124,172298.55907077476,-107.50603903359543,389.4156667185697,0.1883885693207038,1.0,temperature,0.0,3.2065279170187186e-08,2.3711839939025273e-06
465.0,0.2650331400234018,-8.835485050839221,-0.49836193784616695,220000.0,47829.7255275027,2391.486276375137,45438.23925112756,5943.1578947368425,39495.08135639072,172170.2744724973,-107.81592715649921,393.19388781003136,0.18897168113105617,1.0,temperature,0.0,3.225667140699889e-08,2.4034406653095263e-06
470.0,0.2657940307765807,-8.788575875748219,-0.4362924902532345,220000.0,47958.37178886248,2397.9185894431284,45560.45319941935,5943.1578947368425,39617.29530468251,172041.62821113752,-108.12658071489814,396.99052397884486,0.18955643686450974,1.0,temperature,0.0,3.244939840147316e-08,2.4358900637109993e-06
475.0,0.2665571128544541,-8.74154070432238,-0.37467325469674495,220000.0,48087.3720203628,2404.368601018141,45683.00341934466,5943.1578947368425,39739.84552460782,171912.62797963718,-108.43797948727442,400.80534187563376,0.19014280155314728,1.0,temperature,0.0,3.2643457334433516e-08,2.468533521045433e-06
480.0,0.26732239136274766,-8.694382181387647,-0.3134916407176075,220000.0,48216.71874178386,2410.835937089192,45805.882804694666,5943.1578947368425,39862.724909957826,171783.28125821613,-108.75010381013468,404.6381121820002,0.19073074119597022,1.0,temperature,0.0,3.2838845583288805e-08,2.5013723666287214e-06
485.0,0.2680898712726339,-8.64710287855906,-0.25273539238194026,220000.0,48346.4046798543,2417.3202339927157,45929.08444586158,5943.1578947368425,39985.92655112474,171653.59532014572,-109.06293456278375,408.488609517952,0.19132022273265442,1.0,temperature,0.0,3.3035560717485066e-08,2.5344079273462064e-06
490.0,0.26885955742444784,-8.599705296228809,-0.19239257933405177,220000.0,48476.42276263293,2423.8211381316505,46052.60162450128,5943.1578947368425,40109.44372976444,171523.57723736708,-109.37645315250937,412.3566123517712,0.19191121401801176,1.0,temperature,0.0,3.323360049409456e-08,2.567641527840301e-06
495.0,0.26963145453130083,-8.552191865500752,-0.1324515880893136,220000.0,48606.76611404109,2430.3383057020546,46176.42780833904,5943.1578947368425,40233.2699136022,171393.2338859589,-109.69064150016582,416.2419029122208,0.1925036837971399,1.0,temperature,0.0,3.3432962853536824e-08,2.6010744906938377e-06
500.0,0.27040556718259595,-8.504564950072865,-0.07290111356048873,220000.0,48737.42804854325,2436.8714024271612,46300.556646116085,5943.1578947368425,40357.398751379245,171262.57195145675,-110.0054820261499,420.1442671030703,0.19309760168124057,1.0,temperature,0.0,3.363364591542871e-08,2.6347081366092664e-06
505.0,0.27118189984744717,-8.45682684806899,-0.013730150811250869,220000.0,48868.40206596998,2443.4201032985,46424.98196267148,5943.1578947368425,40481.82406793464,171131.59793403003,-110.32095763675424,424.06349441978534,0.19369293812408916,1.0,temperature,0.0,3.383564797455669e-08,2.668543784583823e-06
510.0,0.2719604568780053,-8.408979793821276,0.04507201296919992,220000.0,48999.68184648066,2449.9840923240336,46549.69775415662,5943.1578947368425,40606.53985941978,171000.31815351936,-110.63705171088999,427.9993778683388,0.19428966439913764,1.0,temperature,0.0,3.4038967496968965e-08,2.702582752080792e-06
515.0,0.27274124251269277,-8.361025959604612,0.10351580627635809,220000.0,49131.261245661895,2456.563062283094,46674.6981833788,5943.1578947368425,40731.54028864196,170868.73875433812,-110.95374808716956,431.9517138860799,0.19488775257723406,1.0,temperature,0.0,3.4243603116182237e-08,2.7368263551969743e-06
520.0,0.27352426087935033,-8.312967457324358,0.16161138089124205,220000.0,49263.1342897576,2463.156714487879,46799.977575269724,5943.1578947368425,40856.819680532884,170736.8657102424,-111.27103105133762,435.92030226455836,0.19548717550494232,1.0,temperature,0.0,3.4449553629499276e-08,2.7712759088264737e-06
525.0,0.27430951599829734,-8.264806340158618,0.21936861927745077,220000.0,49395.29517102838,2469.7647585514205,46925.53041247696,5943.1578947368425,40982.37251774012,170604.70482897162,-111.58888532404454,439.90494607429173,0.1960879067834455,1.0,temperature,0.0,3.4656817994434205e-08,2.805932726820908e-06
530.0,0.27509701178530843,-8.216544604156288,0.2767971417799144,220000.0,49527.738243234155,2476.38691216171,47051.351331072445,5943.1578947368425,41108.193436335605,170472.26175676583,-111.90729604894634,443.90545159130147,0.19668992074801728,1.0,temperature,0.0,3.4865395325240004e-08,2.840798122146148e-06
535.0,0.27588675205450897,-8.168184189792061,0.3339063136306589,220000.0,49660.45801724051,2483.02290086203,47177.43511637848,5943.1578947368425,41234.27722164164,170339.5419827595,-112.2262487811322,447.9216282255293,0.19729319244804638,1.0,temperature,0.0,3.507528488953775e-08,2.875873407035686e-06
540.0,0.27667874052119096,-8.119726983479541,0.3907052517667635,220000.0,49793.44915674215,2489.672457837107,47303.77669890504,5943.1578947368425,41360.6188041682,170206.55084325786,-112.54572947586203,451.9532884509142,0.19789769762759923,1.0,temperature,0.0,3.528648610504142e-08,2.9111598931407276e-06
545.0,0.2774729808045519,-8.07117481904361,0.4472028314655477,220000.0,49926.706474101586,2496.3353237050833,47430.3711503965,5943.1578947368425,41487.21325565966,170073.29352589842,-112.86572447760922,456.00024773715495,0.19850341270650573,1.0,temperature,0.0,3.549899853637573e-08,2.9466588916771035e-06
550.0,0.2782694764303588,-8.02252947915313,0.5034076928018935,220000.0,50060.224926300434,2503.0112463150217,47557.21367998541,5943.1578947368425,41614.05578524857,169939.77507369957,-113.18622050940169,460.062324483107,0.19911031476195484,1.0,temperature,0.0,3.571282189198582e-08,2.9823717135690895e-06
555.0,0.27906823083353904,-7.9737926967150425,0.5593282469324727,220000.0,50193.99961099925,2509.6999805499654,47684.299630449284,5943.1578947368425,41741.141735712445,169806.00038900075,-113.50720466245016,464.1393399517301,0.19971838151058585,1.0,temperature,0.0,3.5927956021132375e-08,3.018299669590222e-06
560.0,0.2798692473607002,-7.924966156230929,0.6149726822115245,220000.0,50328.02576270399,2516.401288135203,47811.62447456879,5943.1578947368425,41868.46657983195,169671.974237296,-113.82866438605883,468.23111820657596,0.20032759129106198,1.0,temperature,0.0,3.614440091097279e-08,3.0544440705011944e-06
565.0,0.2806725292725811,-7.87605149511701,0.6703489701427008,220000.0,50462.29874903522,2523.1149374517627,47939.183811583454,5943.1578947368425,41996.025916846615,169537.70125096478,-114.15058747780827,472.3374860497345,0.2009379230471134,1.0,temperature,0.0,3.636215668372308e-08,3.0908062271849174e-06
570.0,0.2814780797464352,-7.82705030498859,0.7254648711713791,220000.0,50596.8140670986,2529.84070335493,48066.97336374367,5943.1578947368425,42123.81546900683,169403.1859329014,-114.47296207400599,476.4582729612382,0.20154935631103738,1.0,temperature,0.0,3.658122359389976e-08,3.127387450778817e-06
575.0,0.28228590187834907,-7.777964132909898,0.7803279403217213,220000.0,50731.56733995177,2536.5783669975935,48194.988972954176,5943.1578947368425,42251.831078217336,169268.43266004825,-114.79577664039284,480.59331103980753,0.20216187118764262,1.0,temperature,0.0,3.680160202563656e-08,3.1641890528044537e-06
580.0,0.28309599868549684,-7.728794482610253,0.8349455326826427,220000.0,50866.55431316816,2543.327715658408,48323.226597509754,5943.1578947368425,42380.068702772915,169133.44568683184,-115.11901996310564,484.7424349450189,0.20277544833862626,1.0,temperature,0.0,3.702329249007783e-08,3.2012123452945313e-06
585.0,0.28390837310833306,-7.679542815667463,0.889324808746747,220000.0,51001.77085149216,2550.088542574609,48451.68230891755,5943.1578947368425,42508.52441418071,168998.22914850785,-115.44268113988142,488.9054818407276,0.20339006896737183,1.0,temperature,0.0,3.7246295622841405e-08,3.2384586409173726e-06
590.0,0.2847230280127251,-7.630210552659342,0.943472739606168,220000.0,51137.21293558477,2556.8606467792415,48580.35228880553,5943.1578947368425,42637.19439406869,168862.78706441523,-115.7667495715018,493.0822913397958,0.2040057148041567,1.0,temperature,0.0,3.747061218155185e-08,3.2759292530989245e-06
595.0,0.28553996619202726,-7.580799074284198,0.9973961120091589,220000.0,51272.87665885715,2563.6438329428565,48709.232825914296,5943.1578947368425,42766.074931177456,168727.12334114284,-116.09121495346943,497.2727054500615,0.2046223680917582,1.0,temperature,0.0,3.7696243043441623e-08,3.313625496142366e-06
600.0,0.28635919036909774,-7.531309722451133,1.0511015332811648,220000.0,51408.758224388774,2570.437911219444,48838.32031316933,5943.1578947368425,42895.16241843249,168591.24177561124,-116.41606726790864,501.4765685214884,0.20524001157144756,1.0,temperature,0.0,3.792318920301588e-08,3.351548685345382e-06
605.0,0.28718070319826,-7.481743801340964,1.104595436114011,220000.0,51544.85394192971,2577.242697096488,48967.61124483322,5943.1578947368425,43024.45335009638,168455.1460580703,-116.74129677568864,505.6937271945403,0.20585862846936082,1.0,temperature,0.0,3.8151451769782196e-08,3.389700137115164e-06
610.0,0.2880045072672105,-7.432102578438562,1.1578840832267465,220000.0,51681.16022498272,2584.058011249137,49097.10221373358,5943.1578947368425,43153.94431899674,168318.8397750173,-117.0668940087578,509.92403034965673,0.20647820248323795,1.0,temperature,0.0,3.838103196604036e-08,3.4280811690812047e-06
615.0,0.28883060509887387,-7.382387285537369,1.2109735719015875,220000.0,51817.67358796431,2590.883679398219,49226.78990856609,5943.1578947368425,43283.63201382925,168182.32641203568,-117.39284976268708,514.1673290578601,0.20709871776951794,1.0,temperature,0.0,3.861193112473191e-08,3.4666931002059367e-06
620.0,0.2896589991532068,-7.3325991197168525,1.2638698383983047,220000.0,51954.390643442566,2597.71953217213,49356.671111270436,5943.1578947368425,43413.513216533596,168045.60935655743,-117.71915508941633,518.4234765324622,0.20772015893078288,1.0,temperature,0.0,3.884415068734764e-08,3.5055372508932843e-06
625.0,0.2904896918289526,-7.282739244293621,1.3165786622503213,220000.0,52091.30809944904,2604.5654049724544,49486.74269447658,5943.1578947368425,43543.58479973974,167908.69190055097,-118.04580129019669,522.6923280818107,0.20834251100353934,1.0,temperature,0.0,3.907769220189049e-08,3.5446149430951748e-06
630.0,0.29132268546534734,-7.2328087897469135,1.3691056704456916,220000.0,52228.42275686289,2611.42113784315,49617.00161901974,5943.1578947368425,43673.8437242829,167771.57724313712,-118.37277990872393,526.9737410630637,0.20896575944632972,1.0,temperature,0.0,3.931255732089195e-08,3.5839275004160667e-06
635.0,0.2921579823437787,-7.1828088546191475,1.421456341496047,220000.0,52365.731506866374,2618.2865753433216,49747.44493152305,5943.1578947368425,43804.28703678621,167634.26849313363,-118.70008272446054,531.2675748370066,0.2095898901281636,1.0,temperature,0.0,3.9548747799482994e-08,3.62347624821555e-06
640.0,0.2929955846893997,-7.132740506392206,1.4736360093965157,220000.0,52503.23132846773,2625.1615664233905,49878.06976204434,5943.1578947368425,43934.9118673075,167496.76867153228,-119.02770174613605,535.5736907237997,0.21021488931726068,1.0,temperature,0.0,3.97862654935135e-08,3.6632625137090636e-06
645.0,0.29383549467269715,-7.082604782340107,1.5256498674795391,220000.0,52640.91928609182,2632.0459643045906,50008.87332178723,5943.1578947368425,44065.71542705039,167359.0807139082,-119.35562920542661,539.8919519597334,0.21084074367009742,1.0,temperature,0.0,4.002511235772352e-08,3.7032876260667873e-06
650.0,0.29467771441101764,-7.032402690358708,1.5775029721654314,220000.0,52778.792527235106,2638.93962636176,50139.852900873346,5943.1578947368425,44196.695006136506,167221.2074727649,-119.68385755080429,544.222223654883,0.21146744022074865,1.0,temperature,0.0,4.0265290443960405e-08,3.7435529165107477e-06
655.0,0.2955222459700508,-6.982135209773039,1.6292002466124516,220000.0,52916.848280183905,2645.8424140091956,50271.00586617471,5943.1578947368425,44327.84797143787,167083.1517198161,-120.01237944155422,548.5643727516931,0.21209496637051617,1.0,temperature,0.0,4.050680189944428e-08,3.784059718410192e-06
660.0,0.29636909136527195,-6.931803292122895,1.6807464842690807,220000.0,53055.08385179453,2652.7541925897312,50402.3296592048,5943.1578947368425,44459.17176446796,166944.91614820546,-120.34118774195457,552.9182679844598,0.212723309877837,1.0,temperature,0.0,4.0749648965077846e-08,3.8248093673752695e-06
665.0,0.2972182525633448,-6.881407861927255,1.7321463523311302,220000.0,53193.496625332395,2659.674831266624,50533.82179406577,5943.1578947368425,44590.66389932893,166806.5033746676,-120.67027551561321,557.2837798396563,0.21335245884846382,1.0,temperature,0.0,4.099383397380023e-08,3.8658032013490694e-06
670.0,0.29806973148348526,-6.830949817428106,1.7834043951062308,220000.0,53332.08405837042,2666.6042029185264,50665.47985545189,5943.1578947368425,44722.32196071505,166667.9159416296,-120.99963601996012,561.6607805171479,0.21398240172590932,1.0,temperature,0.0,4.123935934898402e-08,3.907042560698054e-06
675.0,0.2989235299987878,-6.780430031314221,1.8345250372881872,220000.0,53470.84368074311,2673.5421840371564,50797.30149670596,5943.1578947368425,44854.14360196912,166529.15631925687,-121.32926270088772,566.0491438922049,0.21461312728214865,1.0,temperature,0.0,4.148622760287297e-08,3.9485287883009265e-06
680.0,0.29977964993751494,-6.729849351425441,1.8855125871436142,220000.0,53609.773092556235,2680.488654627814,50929.28443792842,5943.1578947368425,44986.12654319158,166390.22690744378,-121.65914918753751,570.4487454783391,0.21524462460857224,1.0,temperature,0.0,4.1734441335061015e-08,3.990263229635987e-06
685.0,0.300638093084351,-6.679208601437979,1.936371239613209,220000.0,53748.869962250414,2687.4434981125232,51061.42646413789,5943.1578947368425,45118.26856940105,166251.1300377496,-121.9892892872293,574.8594623909585,0.215876883107182,1.0,temperature,0.0,4.198400323100944e-08,4.032247232866996e-06
690.0,0.3014988611816214,-6.6285085815312526,1.9871050793299434,220000.0,53888.1320247159,2694.4066012357944,51193.72542348011,5943.1578947368425,45250.56752874327,166111.8679752841,-122.31967698052568,579.281173311743,0.2165098924820253,1.0,temperature,0.0,4.223491606060259e-08,4.074482148927599e-06
695.0,0.30236195593047777,-6.577750069036765,2.0377180835564115,220000.0,54027.557079459446,2701.3778539729756,51326.17922548647,5943.1578947368425,45383.02133074963,165972.44292054055,-122.65030641643389,583.7137584538486,0.21714364273085934,1.0,temperature,0.0,4.248718267674105e-08,4.11696933160434e-06
700.0,0.3032273789920507,-6.526933819069486,2.088214125043493,220000.0,54167.14298881924,2708.3571494409625,51458.78583937828,5943.1578947368425,45515.62794464144,165832.85701118075,-122.98117190773472,588.1570995277855,0.21777812413704045,1.0,temperature,0.0,4.274080601396927e-08,4.159710137618309e-06
705.0,0.30409513198857013,-6.476060565142236,2.1385969748124465,220000.0,54306.887676229344,2715.344383811469,51591.543292417875,5943.1578947368425,45648.385397681035,165693.11232377065,-123.31226792644172,592.6110797080903,0.21841332726163143,1.0,temperature,0.0,4.299578908714011e-08,4.202705926705449e-06
710.0,0.3049652165044547,-6.425131019763507,2.188870304862481,220000.0,54446.78912452914,2722.3394562264584,51724.44966830268,5943.1578947368425,45781.29177356584,165553.21087547086,-123.64358909937991,597.0755836006288,0.21904924293572203,1.0,temperature,0.0,4.325213499011156e-08,4.2459580616955605e-06
715.0,0.30583763408737097,-6.374145875019184,2.239037690805813,220000.0,54586.84537432077,2729.342268716042,51857.50310560473,5943.1578947368425,45914.34521086789,165413.15462567922,-123.97513020389016,601.5504972107074,0.21968586225295617,1.0,temperature,0.0,4.350984689447852e-08,4.289467908590039e-06
720.0,0.3067123862492633,-6.3231058031385885,2.2891026144321414,220000.0,54727.05452236768,2736.3527261183845,51990.7017962493,5943.1578947368425,46047.54390151246,165272.9454776323,-124.30688616364296,606.035707911717,0.2203231765622602,1.0,temperature,0.0,4.3768928048334085e-08,4.333236836638374e-06
725.0,0.30758947446735474,-6.27201145704528,2.33906846620444,220000.0,54867.41472003926,2743.370736001969,52124.04398403729,5943.1578947368425,46180.88608930045,165132.58527996074,-124.63885204457303,610.5311044145797,0.22096117746076765,1.0,temperature,0.0,4.4029381775064425e-08,4.377266218413438e-06
730.0,0.30846890018512046,-6.220863470893008,2.388938547687909,220000.0,55007.924171795865,2750.3962085897947,52257.52796320607,5943.1578947368425,46314.37006846923,164992.07582820414,-124.9710230509209,615.0365767377814,0.221599856786934,1.0,temperature,0.0,4.4291211472173474e-08,4.421557429885612e-06
735.0,0.30935066481323387,-6.169662460587234,2.438716073913872,220000.0,55148.58113371458,2757.4290566857308,52391.15207702885,5943.1578947368425,46447.99418229201,164851.4188662854,-125.3033945213817,619.5520161780307,0.2222392066138374,1.0,temperature,0.0,4.455442061013653e-08,4.466111850495748e-06
740.0,0.3102347697304864,-6.118409024292602,2.4884041756803694,220000.0,55289.383912055506,2764.4691956027746,52524.91471645273,5943.1578947368425,46581.75682171589,164710.61608794448,-125.63596192536083,624.0773152815866,0.22287921924265958,1.0,temperature,0.0,4.481901273128331e-08,4.510930863227031e-06
745.0,0.3111212162846817,-6.067103742926736,2.5380059017911405,220000.0,55430.33086186566,2771.516543093283,52658.814318772376,5943.1578947368425,46715.65642403554,164569.66913813434,-125.96872085932877,628.6123678161487,0.22351988719634247,1.0,temperature,0.0,4.5084991448708613e-08,4.55601585467574e-06
750.0,0.3120100057935048,-6.015747180640733,2.587524221234646,220000.0,55571.42038562181,2778.571019281095,52792.84936634071,5943.1578947368425,46849.691471603874,164428.5796143782,-126.30166704327857,633.1570687434082,0.22416120321341582,1.0,temperature,0.0,4.5352360445211234e-08,4.601368215120951e-06
755.0,0.3129011395453671,-5.964339885286723,2.6369620253047406,220000.0,55712.65093190837,2785.6325465954214,52927.01838531295,5943.1578947368425,46983.86049057611,164287.34906809163,-126.63479631727559,637.7113141921125,0.22480316024199082,1.0,temperature,0.0,4.5621123472257904e-08,4.646989338593209e-06
760.0,0.3137946188002278,-5.912882388872822,2.686322129664558,220000.0,55854.02099413187,2792.701049706593,53061.319944425275,5943.1578947368425,47118.162049688435,164145.97900586814,-126.96810463810371,642.2750014317523,0.225445751433916,1.0,temperature,0.0,4.589128434897431e-08,4.692880622942183e-06
765.0,0.31469044479039227,-5.861375208005835,2.735607276355131,220000.0,55995.52910927011,2799.776455463507,53195.7526538066,5943.1578947368425,47252.59475906976,164004.4708907299,-127.30158807600276,646.8480288468124,0.22608897013908974,1.0,temperature,0.0,4.6162846961160994e-08,4.7390434699033444e-06
770.0,0.31558861872128796,-5.809818844322036,2.7848201357502287,220000.0,56137.17385665427,2806.858692832713,53330.31516382156,5943.1578947368425,47387.15726908472,163862.82614334574,-127.63524281149297,651.430295911538,0.22673280989992706,1.0,temperature,0.0,4.6435815260333615e-08,4.785479285163678e-06
775.0,0.3164891417722189,-5.758213784906342,2.8339633084588485,220000.0,56278.953856784785,2813.9476928392396,53465.006163945545,5943.1578947368425,47521.848269208705,163721.0461432152,-127.96906513228805,656.0217031652871,0.22737726444597456,1.0,temperature,0.0,4.6710193262787013e-08,4.832189478426465e-06
780.0,0.3173920150970987,-5.706560502700196,2.883039327176774,220000.0,56420.86777017792,2821.0433885089005,53599.82438166902,5943.1578947368425,47656.66648693218,163579.13222982208,-128.30305143028932,660.6221521883526,0.2280223276886707,1.0,temperature,0.0,4.6985985048682544e-08,4.879175463475148e-06
785.0,0.3182972398251634,-5.654859456898464,2.9320506584885524,220000.0,56562.91429624485,2828.1457148122427,53734.76858143261,5943.1578947368425,47791.61068669577,163437.08570375515,-128.63719819866515,665.2315455783728,0.22866799371624758,1.0,temperature,0.0,4.7263194761158716e-08,4.926438658236306e-06
790.0,0.3192048170616638,-5.603111093335645,2.980999704621234,220000.0,56705.09217219957,2835.254608609983,53869.837563589586,5943.1578947368425,47926.67966885275,163294.90782780043,-128.9715020290065,669.849786927178,0.2293142567887692,1.0,temperature,0.0,4.754182660546278e-08,4.973980484841769e-06
795.0,0.3201147478885389,-5.551315844861674,3.029888805151151,220000.0,56847.400171997346,2842.3700085998717,54005.030163397474,5943.1578947368425,48061.872268660634,163152.59982800265,-129.30595960856277,674.4767807982018,0.22996111133330444,1.0,temperature,0.0,4.7821884848104714e-08,5.021802369689873e-06
800.0,0.32102703336506977,-5.499474131707606,3.0787202386650105,220000.0,56989.83710530074,2849.4918552650415,54140.3452500357,5943.1578947368425,48197.18735529886,163010.16289469926,-129.64056771754994,679.1124327043096,0.23060855193922908,1.0,temperature,0.0,4.810337381603144e-08,5.0699057435059045e-06
805.0,0.32194167452851574,-5.447586361841451,3.1274962243765096,220000.0,57132.40181647443,2856.6200908237224,54275.781725650704,5943.1578947368425,48332.623830913864,162867.59818352558,-129.97532322653475,683.7566490861695,0.2312565733536549,1.0,temperature,0.0,4.838629789582217e-08,5.1182920414017266e-06
810.0,0.322858672394732,-5.395652931314427,3.17621892369968,220000.0,57275.093183606354,2863.7546591803184,54411.338524426035,5943.1578947368425,48468.180629689195,162724.90681639366,-130.31022309388794,688.4093372910413,0.23190517047698184,1.0,temperature,0.0,4.867066153290297e-08,5.166962702934629e-06
815.0,0.3237780279587701,-5.343674224597882,3.224890441780109,220000.0,57417.91011755565,2870.8955058777865,54547.01461167786,5943.1578947368425,48603.85671694102,162582.08988244436,-130.64526436330794,693.070405552048,0.23255433835856965,1.0,temperature,0.0,4.895646923078097e-08,5.21591917216541e-06
820.0,0.3246997421954615,-5.291650614911151,3.2735128289851754,220000.0,57560.851561026175,2878.0425780513106,54682.808982974864,5943.1578947368425,48739.651088238024,162439.14843897382,-130.9804441614118,697.7397629678958,0.23320407219252648,1.0,temperature,0.0,4.924372555029789e-08,5.2651628977157085e-06
825.0,0.32562381605998464,-5.239582464540577,3.322088082354389,220000.0,57703.916487664676,2885.195824383234,54818.72066328144,5943.1578947368425,48875.5627685446,162296.08351233532,-131.31575969539097,702.4173194830132,0.2338543673136106,1.0,temperature,0.0,4.953243510890057e-08,5.314695332824609e-06
830.0,0.32655025048841574,-5.187470125149942,3.3706181470109136,220000.0,57847.103901183764,2892.3551950591936,54954.74870612457,5943.1578947368425,49011.59081138773,162152.89609881624,-131.65120825073203,707.1029858681497,0.2345052191932428,1.0,temperature,0.0,4.9822602579931246e-08,5.364517935404541e-06
835.0,0.32747904639826425,-5.1353139380825406,3.4191049175353023,220000.0,57990.41283450798,2899.520641725401,55090.89219278258,5943.1578947368425,49147.73429804574,162009.587165492,-131.9867871889984,711.7966737013705,0.2351566234356257,1.0,temperature,0.0,5.0114232691933964e-08,5.414632168096475e-06
840.0,0.32841020468899307,-5.083114234655116,3.4675502393024673,220000.0,58133.84234894333,2906.6921174471718,55227.15023149616,5943.1578947368425,49283.99233675932,161866.15765105665,-132.3224939456734,716.4982953494884,0.23580857577396824,1.0,temperature,0.0,5.040733022797865e-08,5.4650394983244535e-06
845.0,0.3293437262425239,-5.030871336443882,3.5159559097828623,220000.0,58277.39153336888,2913.869576668447,55363.52195670043,5943.1578947368425,49420.36406196359,161722.60846663112,-132.65832602806123,721.2077639498787,0.23646107206681105,1.0,temperature,0.0,5.070190002500153e-08,5.515741398349455e-06
850.0,0.33027961192372823,-4.978585555562844,3.5643236798088416,220000.0,58421.0595034497,2921.05297517249,55500.00652827721,5943.1578947368425,49556.84863354037,161578.9404965503,-132.99428101324452,725.9249933926819,0.23711410829445145,1.0,temperature,0.0,5.099794697316119e-08,5.5667393453226165e-06
855.0,0.3312178625809045,-4.9262571949346246,3.6126552548071236,220000.0,58564.845400872524,2928.242270043629,55636.603130828895,5943.1578947368425,49693.445236092055,161435.15459912748,-133.33035654610052,730.6498983034635,0.23776768055546443,1.0,temperature,0.0,5.1295476015212384e-08,5.618034821337829e-06
860.0,0.3321584790462416,-4.873886548553992,3.6609522959982717,220000.0,58708.74839260019,2935.4374196300123,55773.310972970175,5943.1578947368425,49830.153078233336,161291.2516073998,-133.66655033736748,735.3823940261632,0.23842178506331718,1.0,temperature,0.0,5.159449214589278e-08,5.669629313483722e-06
865.0,0.3331014621362688,-4.821473901744303,3.7092164215640726,220000.0,58852.76767014691,2942.63838350735,55910.12928663956,5943.1578947368425,49966.97139190272,161147.23232985308,-134.00286016176523,740.122396606461,0.23907641814307512,1.0,temperature,0.0,5.189500041132591e-08,5.721524313895048e-06
870.0,0.3340468126522937,-4.7690195314070305,3.7574492077836745,220000.0,58996.90244887354,2949.8451224436794,56047.05732642986,5943.1578947368425,50103.89943169302,161003.09755112647,-134.33928385616832,744.8698227755324,0.23973157622819619,1.0,temperature,0.0,5.21970059084388e-08,5.773721319803486e-06
875.0,0.3349945313808265,-4.716523706264575,3.80565219013932,220000.0,59141.15196730106,2957.057598365056,56184.09436893601,5943.1578947368425,50240.93647419917,160858.84803269894,-134.6758193178268,749.6245899341168,0.2403872558574121,1.0,temperature,0.0,5.250051378439399e-08,5.82622183358788e-06
880.0,0.3359446190939932,-4.663986687096543,3.853826864392491,220000.0,59285.5154864428,2964.2757743221446,56321.23971212065,5943.1578947368425,50378.08181738381,160714.4845135572,-135.01246450263645,754.3866161369604,0.24104345367169283,1.0,temperature,0.0,5.280552923603435e-08,5.879027362823914e-06
885.0,0.33689707654993606,-4.611408726969655,3.9019746876312547,220000.0,59429.992289154936,2971.4996144577526,56458.49267469718,5943.1578947368425,50515.33477996034,160570.00771084506,-135.34921742345645,759.1558200776112,0.24170016641129322,1.0,temperature,0.0,5.311205750934314e-08,5.932139420333257e-06
890.0,0.33785190449320307,-4.558790071461472,3.9500970792895833,220000.0,59574.58167950375,2978.7290839751877,56595.852595528566,5943.1578947368425,50652.694700791726,160425.41832049625,-135.68607614847147,763.9321210735168,0.24235739091287933,1.0,temperature,0.0,5.342010389891557e-08,5.985559524232173e-06
895.0,0.3388091036551262,-4.506130958878092,3.9981954221394025,220000.0,59719.28298215127,2985.964149107567,56733.318833043704,5943.1578947368425,50790.160938306864,160280.71701784874,-136.02303879960132,768.7154390515186,0.2430151241067316,1.0,temperature,0.0,5.372967374744514e-08,6.039289197979618e-06
900.0,0.3397686747541884,-4.453431620465984,4.046271063256091,220000.0,59864.09554175557,2993.2047770877834,56870.89076466778,5943.1578947368425,50927.732869930944,160135.90445824445,-136.3601035509498,773.5056945335793,0.24367336301402387,1.0,temperature,0.0,5.4040772445220397e-08,6.0933299704248385e-06
905.0,0.34073061849638053,-4.400692280618125,4.094325314958148,220000.0,60009.0187223889,3000.4509361194505,57008.56778626945,5943.1578947368425,51065.40989153261,159990.9812776111,-136.69726862729945,778.3028086229085,0.24433210474417522,1.0,temperature,0.0,5.435340542963551e-08,6.147683375854474e-06
910.0,0.3416949355755473,-4.347913157074581,4.142359455721722,220000.0,60154.05190697054,3007.702595348528,57146.34931162201,5943.1578947368425,51203.19141688517,159845.94809302947,-137.03453230264535,783.1067029903511,0.24499134649227344,1.0,temperature,0.0,5.4667578184712886e-08,6.202350954039187e-06
915.0,0.34266162667372385,-4.29509446111769,4.190374731070665,220000.0,60299.194496715216,3014.9597248357604,57284.234771879455,5943.1578947368425,51341.076877142616,159700.8055032848,-137.3718928987694,787.9172998610975,0.24565108553656773,1.0,temperature,0.0,5.498329624063578e-08,6.257334250279823e-06
920.0,0.3436306924614621,-4.24223639776199,4.238372354442783,220000.0,60444.445910596754,3022.222295529842,57422.22361506691,5943.1578947368425,51479.06572033007,159555.55408940325,-137.7093487838547,792.7345220017128,0.2463113192360289,1.0,temperature,0.0,5.530056517329522e-08,6.312634815453118e-06
925.0,0.34460213359814784,-4.189339165939026,4.286353508032902,220000.0,60589.80558482488,3029.4902792412468,57560.31530558363,5943.1578947368425,51617.15741084679,159410.19441517512,-138.0468983711341,797.5582927073847,0.24697204502797515,1.0,temperature,0.0,5.5619390603844026e-08,6.368254206056962e-06
930.0,0.34557595073230857,-4.136402958677198,4.3343193436133856,220000.0,60735.27297233799,3036.7636486168994,57698.50932372109,5943.1578947368425,51755.35142898425,159264.727027662,-138.38454011758074,802.3885357895704,0.24763326042576217,1.0,temperature,0.0,5.593977819826597e-08,6.424193984255228e-06
935.0,0.34655214450191224,-4.083427963276748,4.3822709833327,220000.0,60880.84754230809,3044.042377115409,57836.80516519268,5943.1578947368425,51893.64727045584,159119.1524576919,-138.72227252263022,807.2251755638263,0.24829496301653503,1.0,temperature,0.0,5.626173366695246e-08,6.48045571792218e-06
940.0,0.34753071553465736,-4.030414361480044,4.4302095204926175,220000.0,61026.52877965931,3051.326438982971,57975.20234067634,5943.1578947368425,52032.0444459395,158973.4712203407,-139.06009412693842,812.0681368379403,0.24895715045904065,1.0,temperature,0.0,5.6585262764289876e-08,6.5370409806864705e-06
945.0,0.34851166444825454,-3.9773623296372804,4.478136020304629,220000.0,61172.31618460026,3058.6158092300175,58113.700375370245,5943.1578947368425,52170.542480633405,158827.68381539974,-139.3980035111754,816.917344900377,0.24961982048149944,1.0,temperature,0.0,5.691037128825897e-08,6.593951351974729e-06
950.0,0.34949499185069977,-3.924272038867717,4.5260515206261225,220000.0,61318.209272167864,3065.910463608394,58252.29880855947,5943.1578947368425,52309.14091382263,158681.79072783212,-139.73599929484942,821.772725508923,0.250282970879534,1.0,temperature,0.0,5.723706508004168e-08,6.651188417054771e-06
955.0,0.3504806983405398,-3.871143655216568,4.573957032676868,220000.0,61464.20757178412,3073.2103785892104,58390.99719319491,5943.1578947368425,52447.83929845807,158535.79242821588,-140.0740801351645,826.634204879628,0.25094659951415355,1.0,temperature,0.0,5.756535002363886e-08,6.7087537670784096e-06
960.0,0.35146878450712954,-3.8179773398076797,4.6218535417363436,220000.0,61610.31062682483,3080.515531341247,58529.79509548358,5943.1578947368425,52586.63720074674,158389.68937317518,-140.41224472590957,831.5017096760037,0.25161070430979293,1.0,temperature,0.0,5.7895232045497254e-08,6.766648999123907e-06
965.0,0.3524592509308818,-3.7647732489920855,4.6697420078224035,220000.0,61756.517994199305,3087.8258997099692,58668.692094489335,5943.1578947368425,52725.534199752496,158243.4820058007,-140.75049179637614,836.3751669984315,0.252275283252404,1.0,temperature,0.0,5.822671711414413e-08,6.824875716238051e-06
970.0,0.3534520981835099,-3.7115315344925675,4.7176233663517975,220000.0,61902.829243942135,3095.1414621971126,58807.68778174502,5943.1578947368425,52864.52988700818,158097.17075605787,-141.08882011030727,841.2545043738548,0.25294033438759894,1.0,temperature,0.0,5.8559811239833355e-08,6.883435527477885e-06
975.0,0.35444732682826274,-3.6582523435443233,4.7654985287830245,220000.0,62049.24395881582,3102.4621979407966,58946.78176087503,5943.1578947368425,53003.62386613819,157950.75604118418,-141.42722846487524,846.1396497457051,0.2536058558188429,1.0,temperature,0.0,5.88945204741982e-08,6.942330047952083e-06
980.0,0.3554449374201531,-3.6049358190318443,4.813368383241992,220000.0,62195.76173392342,3109.7880866961714,59085.97364722725,5943.1578947368425,53142.81575249041,157804.23826607657,-141.76571568968518,851.03053146402,0.25427184570569594,1.0,temperature,0.0,5.9230850909912585e-08,7.001560898861995e-06
985.0,0.35644493050617915,-3.5515820996221086,4.861233795130942,220000.0,62342.38217633282,3117.119108816645,59225.26306751618,5943.1578947368425,53282.10517277934,157657.61782366718,-142.10428064580898,855.9270782758572,0.25493830226210196,1.0,temperature,0.0,5.956880868036258e-08,7.061129707542358e-06
990.0,0.35744730662553914,-3.4981913198941874,4.909095607721097,220000.0,62489.10490470963,3124.4552452354837,59364.64965947415,5943.1578947368425,53421.49176473731,157510.89509529038,-142.44292222484188,860.8292193158502,0.2556052237547236,1.0,temperature,0.0,5.990839995932187e-08,7.12103810750168e-06
995.0,0.3584520663098398,-3.44476361046536,4.956954642729452,220000.0,62635.92954896138,3131.7964774480715,59504.13307151331,5943.1578947368425,53560.97517677647,157364.07045103863,-142.78163934798843,865.7368840970598,0.25627260850132266,1.0,temperature,0.0,6.024963096064057e-08,7.181287738462321e-06
1000.0,0.3594592100832984,-3.3912990981138336,5.004811700880144,220000.0,62782.85574989053,3139.1427874945293,59643.712962396,5943.1578947368425,53700.55506765916,157217.14425010947,-143.12043096517132,870.6500025019977,0.25694045486918304,1.0,temperature,0.0,6.059250793793655e-08,7.2418802464002576e-06
1005.0,0.3604687384629388,-3.3377979058981544,5.052667562450812,220000.0,62929.88315885734,3146.4941579428705,59783.38900091447,5943.1578947368425,53840.23110617763,157070.11684114265,-143.45929605416606,875.5685047738896,0.25760876127357707,1.0,temperature,0.0,6.09370371842982e-08,7.302817283584556e-06
1010.0,0.36148065195878154,-3.284260153273409,5.100522987804344,220000.0,63077.01143745045,3153.8505718725282,59923.16086557792,5943.1578947368425,53980.00297084108,156922.98856254955,-143.79823361975588,880.4923215080669,0.2582775261762731,1.0,temperature,0.0,6.128322503199078e-08,7.364100508616547e-06
1015.0,0.36249495107402796,-3.2306859562042876,5.14837871790641,220000.0,63224.24025716847,3161.2120128584284,60063.028244310044,5943.1578947368425,54119.870349573204,156775.75974283152,-144.13724269291504,885.4213836436841,0.2589467480840824,1.0,temperature,0.0,6.163107785217288e-08,7.42573158646872e-06
1020.0,0.36351163630523914,-3.1770754272751085,5.196235474829154,220000.0,63371.569299108545,3168.5784649554334,60202.99083415311,5943.1578947368425,54259.83293941627,156628.43070089145,-144.47632233001033,890.3556224555314,0.2596164255474464,1.0,temperature,0.0,6.198060205461906e-08,7.487712188523339e-06
1025.0,0.36453070814250893,-3.1234286757968754,5.244093962241421,220000.0,63518.99825366378,3175.9499126831943,60343.04834098059,5943.1578947368425,54399.89044624375,156481.00174633623,-144.81547161202593,895.2949695460813,0.2602865571590611,1.0,temperature,0.0,6.233180408744811e-08,7.550043992610788e-06
1030.0,0.36555216706963206,-3.069745807911451,5.291954865885873,220000.0,63666.526820228995,3183.3263410114523,60483.20047921754,5943.1578947368425,54540.0425844807,156333.473179771,-145.15468964380975,900.2393568377299,0.260957141552539,1.0,temperature,0.0,6.268469043685885e-08,7.612728683047646e-06
1035.0,0.36657601356426667,-3.016026926692922,5.339818854043354,220000.0,63814.15470691387,3190.707735345699,60623.44697156817,5943.1578947368425,54680.28907683133,156185.84529308614,-145.493975553339,905.1887165651874,0.26162817740110683,1.0,temperature,0.0,6.303926762687224e-08,7.675767950674518e-06
1040.0,0.3676022480980923,-2.9622721322462393,5.387686577984842,220000.0,63961.881630264754,3198.0940815132417,60763.78754875151,5943.1578947368425,54820.62965401467,156038.11836973525,-145.83332849100836,910.1429812681104,0.2622996634163385,1.0,temperature,0.0,6.339554221907928e-08,7.739163492893597e-06
1045.0,0.3686308711369626,-2.908481521803191,5.435558672411308,220000.0,64109.707314993204,3205.485365749664,60904.22194924354,5943.1578947368425,54961.0640545067,155890.2926850068,-146.17274762893555,915.1020837838646,0.26297159834692196,1.0,temperature,0.0,6.375352081239635e-08,7.802917013705994e-06
1050.0,0.36966188314105347,-2.8546551898157966,5.483435755881834,220000.0,64257.631493711524,3212.881574685576,61044.74991902595,5943.1578947368425,55101.59202428911,155742.36850628848,-146.51223216028558,920.0659572404486,0.2636439809774601,1.0,temperature,0.0,6.411321004282439e-08,7.867030223748818e-06
1055.0,0.3706952845650067,-2.8007932280471812,5.531318431230266,220000.0,64405.65390667693,3220.2826953338517,61185.37121134308,5943.1578947368425,55242.21331660624,155594.34609332308,-146.85178129861643,925.0345350496614,0.2643168101273025,1.0,temperature,0.0,6.447461658321572e-08,7.931504840332034e-06
1060.0,0.37173107585806875,-2.74689572566,5.579207285970751,220000.0,64553.774301540616,3227.6887150770344,61326.08558646358,5943.1578947368425,55382.92769172674,155446.22569845937,-147.19139427723889,930.0077509003436,0.26499008464941026,1.0,temperature,0.0,6.483774714304544e-08,7.99634258747508e-06
1065.0,0.37276925746422557,-2.6929627693024796,5.627102892692416,220000.0,64701.99243310542,3235.099621655274,61466.89281145015,5943.1578947368425,55523.73491671331,155298.00756689458,-147.53107034859738,934.9855387518667,0.26566380342925,1.0,temperature,0.0,6.520260846818892e-08,8.061545195943268e-06
1070.0,0.37380982982233285,-2.6389944431921406,5.675005809443509,220000.0,64850.30806308857,3242.51540315443,61607.79265993414,5943.1578947368425,55664.6347651973,155149.69193691143,-147.87080878366473,939.9678328277068,0.266337965383719,1.0,temperature,0.0,6.55692073407045e-08,8.127114403283972e-06
1075.0,0.3748527933662424,-2.584990829197262,5.722916580105272,220000.0,64998.720959891965,3249.9360479946045,61748.78491189736,5943.1578947368425,55805.62701716052,155001.27904010803,-148.21060887135653,944.9545676092482,0.26701256946009827,1.0,temperature,0.0,6.593755057862147e-08,8.193051953862593e-06
1080.0,0.3758981485249243,-2.530952006916148,5.770835734755814,220000.0,65147.23089837787,3257.3615449188947,61889.86935345898,5943.1578947368425,55946.71145872214,154852.76910162214,-148.55046991795928,949.9456778296828,0.2676876146350342,1.0,temperature,0.0,6.630764503573274e-08,8.259359598898325e-06
1085.0,0.3769458957225854,-2.476878053754261,5.81876379002427,220000.0,65295.837659651,3264.7918829825503,62031.04577666845,5943.1578947368425,56087.88788193161,154704.162340349,-148.89039124657515,954.941098468084,0.2683630999135481,1.0,temperature,0.0,6.667949760139331e-08,8.326039096499719e-06
1090.0,0.37799603537878357,-2.4227690449992685,5.866701249435484,220000.0,65444.541030846165,3272.227051542308,62172.31397930386,5943.1578947368425,56229.15608456702,154555.45896915384,-149.2303721965815,959.9407647436176,0.2690390243280717,1.0,temperature,0.0,6.705311520032242e-08,8.393092211700041e-06
1095.0,0.37904856790853875,-2.3686250538940694,5.914648603745494,220000.0,65593.3408049224,3279.667040246117,62313.67376467628,5943.1578947368425,56370.51586993944,154406.6591950776,-149.57041212310682,964.9446121099256,0.2697153869375092,1.0,temperature,0.0,6.74285047924121e-08,8.460520716492454e-06
1100.0,0.3801034937224402,-2.3144461517078505,5.962606331268042,220000.0,65742.23678046164,3287.1118390230913,62455.124941438546,5943.1578947368425,56511.967046701706,154257.76321953838,-149.9105103965188,969.952576249608,0.2703921868263241,1.0,temperature,0.0,6.780567337253826e-08,8.528326389864992e-06
1105.0,0.38116081322675005,-2.2602324078052227,6.010574898192363,220000.0,65891.22876147382,3294.561438073695,62596.66732340012,5943.1578947368425,56653.50942866328,154108.77123852618,-150.25066640192878,974.9645930688862,0.27106942310365184,1.0,temperature,0.0,6.818462797037873e-08,8.596511017835371e-06
1110.0,0.38222052682350394,-2.2059838897134934,6.058554758892482,220000.0,66040.31655720595,3302.0158278602976,62738.300729345654,5943.1578947368425,56795.142834608814,153959.68344279405,-150.5908795387068,979.9805986923363,0.2717470949024347,1.0,temperature,0.0,6.856537565023238e-08,8.665076393485604e-06
1115.0,0.38328263491060777,-2.151700663188123,6.1065463562282485,220000.0,66189.49998195822,3309.4749990979108,62880.024982860305,5943.1578947368425,56936.867088123465,153810.50001804178,-150.9311492200145,985.0005294578609,0.27242520137858134,1.0,temperature,0.0,6.894792351084683e-08,8.73402431699645e-06
1120.0,0.3843471378819317,-2.097382792276414,6.154550121838328,220000.0,66338.77885490307,3316.9389427451606,63021.839912157906,5943.1578947368425,57078.682017421066,153661.22114509693,-151.27147487234635,990.0243219116753,0.27310374171014845,1.0,temperature,0.0,6.933227868524591e-08,8.803356595681696e-06
1125.0,0.3854140361274008,-2.0430303393794786,6.202566476425364,220000.0,66488.15299991013,3324.4076499955045,63163.74534991463,5943.1578947368425,57220.58745517779,153511.84700008988,-151.61185593508532,995.0519128034744,0.27378271509654484,1.0,temperature,0.0,6.97184483405638e-08,8.87307504402226e-06
1130.0,0.38648333003308283,-1.9886433653125364,6.250595830033523,220000.0,66637.62224537683,3331.8811122688494,63305.74113310798,5943.1578947368425,57362.58323837114,153362.3777546232,-151.9522918600735,1000.08323908178,0.27446212075775656,1.0,temperature,0.0,7.01064396778834e-08,8.943181483700144e-06
1135.0,0.3875550199812727,-1.934221929363579,6.298638582318628,220000.0,66787.18642406083,3339.359321203039,63447.82710285779,5943.1578947368425,57504.66920812095,153212.81357593916,-152.29278211118827,1005.1182378892597,0.2751419579335933,1.0,temperature,0.0,7.049625993207554e-08,9.013677743632219e-06
1140.0,0.38862910635057446,-1.8797660893504529,6.346695122811072,220000.0,66936.84537292054,3346.8422686460253,63590.00310427451,5943.1578947368425,57646.84520953767,153063.15462707946,-152.63332616393774,1010.1568465583473,0.27582222588295524,1.0,temperature,0.0,7.088791637164712e-08,9.084565660003866e-06
1145.0,0.38970558951598044,-1.8252759016763977,6.39476583117171,220000.0,67086.59893295653,3354.3299466478275,63732.26898630871,5943.1578947368425,57789.11109157187,152913.40106704348,-152.97392350506018,1015.1990026068086,0.2765029238831193,1.0,temperature,0.0,7.128141629858585e-08,9.155847076302452e-06
1150.0,0.3907844698489474,-1.7707514213840838,6.44285107744092,220000.0,67236.44694906026,3361.8223474530096,63874.624601607255,5943.1578947368425,57931.466706870415,152763.55305093975,-153.3145736321413,1020.2446437335807,0.277184051229045,1.0,temperature,0.0,7.167676704821652e-08,9.227523843350669e-06
1155.0,0.3918657477174701,-1.7161927022081882,6.490951222281007,220000.0,67386.38926986411,3369.319463493215,64017.0698063709,5943.1578947368425,58073.91191163406,152613.61073013587,-153.65527605323538,1025.2937078145626,0.27786560723269893,1.0,temperature,0.0,7.207397598905312e-08,9.299597819339722e-06
1160.0,0.3929494234861529,-1.6615997966265494,6.539066617212137,220000.0,67536.4257475978,3376.8212873798984,64159.604460217895,5943.1578947368425,58216.446565481056,152463.5742524022,-153.99603028650284,1030.3461328986575,0.27854759122239764,1.0,temperature,0.0,7.247305052266067e-08,9.372070869862382e-06
1165.0,0.3940354975162778,-1.606972755909937,6.587197604841966,220000.0,67686.55623794743,3384.3278118973685,64302.22842605006,5943.1578947368425,58359.07053131322,152313.44376205257,-154.33683585985457,1035.4018572038474,0.2792300025421681,1.0,temperature,0.0,7.287399808351546e-08,9.444944867945898e-06
1170.0,0.395123970165871,-1.5523116301704756,6.635344519089144,220000.0,67836.78059991804,3391.839029995899,64444.94156992214,5943.1578947368425,58501.7836751853,152163.21940008196,-154.67769231060512,1040.4608191133366,0.2799128405511258,1.0,temperature,0.0,7.327682613887108e-08,9.51822169408477e-06
1175.0,0.3962148417897664,-1.4976164684087574,6.683507685400846,220000.0,67987.09869570158,3399.3549347850785,64587.743760916506,5943.1578947368425,58644.58586617967,152012.90130429843,-155.01859918514057,1045.5229571719324,0.28059610462286905,1.0,temperature,0.0,7.368154218862835e-08,9.591903236273398e-06
1180.0,0.3973081127396676,-1.4428873185596782,6.731687420964494,220000.0,68137.51039054632,3406.875519527319,64730.634871019,5943.1578947368425,58787.47697628216,151862.48960945368,-155.35955603858912,1050.5882100823633,0.2812797941448905,1.0,temperature,0.0,7.408815376520446e-08,9.665991390038603e-06
1185.0,0.39840378336420673,-1.3881242275370334,6.779884034913832,220000.0,68288.01555263127,3414.4007776315702,64873.6147749997,5943.1578947368425,58930.456880262864,151711.9844473687,-155.70056243450583,1055.6565167018175,0.281963908518004,1.0,temperature,0.0,7.449666843340946e-08,9.740488058472012e-06
1190.0,0.3995018540090018,-1.333327241276904,6.828097828529493,220000.0,68438.61405294348,3421.9307026471797,65016.6833502963,5943.1578947368425,59073.52545555946,151561.38594705652,-156.04161794456337,1060.7278160385054,0.2826484471557871,1.0,temperature,0.0,7.490709379032192e-08,9.815395152262335e-06
1195.0,0.4006023250167117,-1.278496404779867,6.876329095434216,220000.0,68589.30576515885,3429.4652882579394,65159.84047690091,5943.1578947368425,59216.68258216407,151410.69423484115,-156.38272214825327,1065.80204724837,0.2833334094840387,1.0,temperature,0.0,7.531943746517124e-08,9.890714589727506e-06
1200.0,0.4017051967270892,-1.223631762152062,6.9245781217828535,220000.0,68740.09056552574,3437.004528276295,65303.08603724944,5943.1578947368425,59359.9281425126,151259.90943447425,-156.7238746325933,1070.8791496318336,0.2840187949402517,1.0,temperature,0.0,7.573370711921788e-08,9.966448296846724e-06
1205.0,0.4028104694770318,-1.1687333566451417,6.972845186447301,220000.0,68890.96833275215,3444.5484166376045,65446.419916114544,5943.1578947368425,59503.262021377705,151109.03166724785,-157.06507499184485,1075.9590626306751,0.2847046029730992,1.0,temperature,0.0,7.614991044564019e-08,1.0042598207292365e-05
1210.0,0.4039181436006309,-1.1138012306951401,7.021130561196498,220000.0,69041.93894789618,3452.096947394806,65589.84200050138,5943.1578947368425,59646.684105764536,150958.06105210382,-157.40632282723803,1081.0417258249947,0.28539083304193574,1.0,temperature,0.0,7.656805516942249e-08,1.0119166262461787e-05
1215.0,0.4050282194292188,-1.0588354259602841,7.069434510871621,220000.0,69193.0022942588,3459.6501147129457,65733.35217954585,5943.1578947368425,59790.194284809004,150806.9977057412,-157.7476177467033,1086.12707893024,0.2860774846163107,1.0,temperature,7.275957614183426e-12,7.698814904724492e-08,1.0196154411509031e-05
1220.0,0.4061406972914142,-1.0038359833577783,7.117757293556602,220000.0,69344.15825727963,3467.207912863989,65876.95034441564,5943.1578947368425,59933.792449678804,150655.84174272037,-158.08895936461104,1091.21506179432,0.2867645571754965,1.0,temperature,0.0,7.741019986737543e-08,1.0273564611376407e-05
1225.0,0.40725557751316566,-0.9488029430995901,7.166099160744102,220000.0,69495.40672443647,3474.770336221831,66020.63638821464,5943.1578947368425,60077.4784934778,150504.59327556353,-158.4303473015197,1096.3056143948406,0.2874520502080278,1.0,temperature,0.0,7.783421544956703e-08,1.0351398826825973e-05
1230.0,0.4083728604177933,-0.8937363447272614,7.214460357497044,220000.0,69646.74758514646,3482.3373792573257,66164.41020588913,5943.1578947368425,60221.25231115228,150353.25241485354,-158.7717811839296,1101.398676836378,0.2881399632112551,1.0,temperature,7.275957614183426e-12,7.826020364495343e-08,1.0429659030470927e-05
1235.0,0.40949254632602916,-0.8386362271457735,7.262841122605854,220000.0,69798.18073067041,3489.9090365335287,66308.27169413689,5943.1578947368425,60365.113799400046,150201.8192693296,-159.11326064404358,1106.4941893478415,0.28882829569090923,1.0,temperature,0.0,7.868817233594897e-08,1.0508347202806875e-05
1240.0,0.41061463555605554,-0.7835026286564901,7.311241688741492,220000.0,69949.70605401947,3497.4853027009813,66452.22075131848,5943.1578947368425,60509.062856581644,150050.29394598055,-159.45478531953478,1111.5920922799137,0.28951704716067783,1.0,temperature,0.0,7.911812943615031e-08,1.0587465332243025e-05
1245.0,0.4117391284235419,-0.728335586989203,7.359662282604408,220000.0,70101.323449865,3505.066172493258,66596.25727737174,5943.1578947368425,60653.0993826349,149898.67655013502,-159.79635485332184,1116.692326102591,0.2902062171417939,1.0,temperature,0.0,7.955008289024087e-08,1.0667015415133266e-05
1250.0,0.41286602524168026,-0.6731351393333039,7.408103125069525,220000.0,70253.03281444995,3512.651640722499,66740.38117372745,5943.1578947368425,60797.223278990605,149746.96718555005,-160.13796889334844,1121.7948314027526,0.29089580516263497,1.0,temperature,7.275957614183426e-12,7.998404067389523e-08,1.0746999455807161e-05
1255.0,0.41399532632121916,-0.6179013223681074,7.456564431327356,220000.0,70404.83404550375,3520.2417022751906,66884.59234322856,5943.1578947368425,60941.434448491724,149595.16595449625,-160.47962709237174,1126.8995488818664,0.2915858107583337,1.0,temperature,0.0,8.042001079368854e-08,1.082741946660085e-05
1260.0,0.41512703197049594,-0.5626341722923449,7.505046411021356,220000.0,70556.72704215805,3527.836352107901,67028.89069005015,5943.1578947368425,61085.732795313306,149443.27295784195,-160.82132910775294,1132.0064193536698,0.29227623347039866,1.0,temperature,0.0,8.085800128700393e-08,1.0908277467887853e-05
1265.0,0.41626114249546775,-0.507333724852855,7.55354926838161,220000.0,70708.71170486644,3535.435585243322,67173.27611962311,5943.1578947368425,61230.11822488627,149291.28829513356,-161.1630746012582,1137.1153837420318,0.2929670728463457,1.0,temperature,7.275957614183426e-12,8.129802022194592e-08,1.0989575488109799e-05
1270.0,0.41739765819974123,-0.45200001537248796,7.602073202354964,220000.0,70860.78793532502,3543.039396766253,67317.74853855876,5943.1578947368425,61374.59064382192,149139.212064675,-161.50486323886173,1142.2263830787974,0.2936583284393393,1.0,temperature,7.275957614183426e-12,8.174007569725273e-08,1.1071315563807052e-05
1275.0,0.4185365793846007,-0.3966330787772488,7.650618406731679,220000.0,71012.95563639601,3550.6477818198036,67462.30785457621,5943.1578947368425,61519.14995983937,148987.04436360399,-161.8466946905566,1147.3393585017473,0.29434999980784393,1.0,temperature,0.0,8.218417584221075e-08,1.1153499739649263e-05
1280.0,0.41967790634903523,-0.3412329496226963,7.699185070268715,220000.0,71165.21471203289,3558.2607356016524,67606.95397643124,5943.1578947368425,61663.796081694396,148834.78528796713,-162.1885686301695,1152.4542512525961,0.2950420865152844,1.0,temperature,0.0,8.263032881657216e-08,1.1236130068465835e-05
1285.0,0.4208216393897643,-0.2857996621196198,7.747773376809724,220000.0,71317.56506720795,3565.8782533603953,67751.68681384755,5943.1578947368425,61808.528919110715,148682.43493279204,-162.53048473518191,1157.5710026750762,0.2957345881297163,1.0,temperature,0.0,8.307854281047205e-08,1.1319208611276307e-05
1290.0,0.4219677788012623,-0.23033325015901193,7.7963835054018515,220000.0,71470.00660784148,3573.500330392082,67896.5062774494,5943.1578947368425,61953.34838271256,148529.99339215853,-162.872442686555,1162.6895542130492,0.2964275042235048,1.0,temperature,0.0,8.352882604434797e-08,1.1402737437320656e-05
1295.0,0.42311632487578177,-0.1748337473363561,7.845015630409419,220000.0,71622.53924073304,3581.126962036651,68041.41227869639,5943.1578947368425,62098.25438395954,148377.46075926698,-163.2144421685606,1167.809847408714,0.29712083437301234,1.0,temperature,7.275957614183426e-12,8.398118676886233e-08,1.1486718624089517e-05
1300.0,0.42426727790337576,-0.11930118697524711,7.8936699216245865,220000.0,71775.1628734953,3588.7581436747714,68186.40472982053,5943.1578947368425,62243.246835083686,148224.8371265047,-163.55648286861788,1172.9318239008885,0.29781457815829554,1.0,temperature,0.0,8.443563326482377e-08,1.1571154257354342e-05
1305.0,0.42542063817191855,-0.06373560215036261,7.942346544375058,220000.0,71927.87741448838,3596.3938707244233,68331.48354376396,5943.1578947368425,62388.325649027116,148072.12258551162,-163.89856447713214,1178.0554254232845,0.2985087351628094,1.0,temperature,0.0,8.489217384311264e-08,1.1656046431197454e-05
1310.0,0.42657640596712576,-0.008137025709802737,7.991045659628924,220000.0,72080.6827727568,3604.0341386378423,68476.64863411896,5943.1578947368425,62533.49073938212,147919.3172272432,-164.24068668733977,1183.1805938028908,0.2992033049731205,1.0,temperature,0.0,8.535081684460374e-08,1.1741397248042058e-05
1315.0,0.42773458157257316,0.04749450970318585,8.039767424096713,220000.0,72233.57885796844,3611.6789428984193,68621.89991507003,5943.1578947368425,62678.742020333186,147766.42114203156,-164.58284919515847,1188.3072709584164,0.29989828717862743,1.0,temperature,0.0,8.581157064009614e-08,1.1827208818682154e-05
1320.0,0.42890116465075245,0.10342955555883451,8.08851199033072,220000.0,72743.5659782897,3637.178298914485,69106.38767937521,5943.1578947368425,63163.229784638366,147256.4340217103,-165.77759532021906,1213.9997775597587,0.30221641045281533,1.0,temperature,7.275957614183426e-12,8.69690570457337e-08,1.1914177875727888e-05
1325.0,0.43007722636003615,0.15971815081353907,8.137284918500288,220000.0,73317.83244907444,3665.8916224537243,69651.94082662072,5943.1578947368425,63708.78293188387,146682.16755092557,-167.12455868767907,1243.6019141442287,0.3048267125927456,1.0,temperature,7.275957614183426e-12,8.826307626655621e-08,1.2002440951994444e-05
1330.0,0.43126281782584186,0.21636437304437006,8.186092645181684,220000.0,73895.72869368942,3694.7864346844726,70200.94225900495,5943.1578947368425,64257.784364268104,146104.27130631058,-168.4787872460756,1273.6375178221908,0.3074535137046318,1.0,temperature,7.275957614183426e-12,8.957671074730153e-08,1.2092017662741746e-05
1335.0,0.432457990743738,0.27337237893002264,8.234941544526666,220000.0,74477.29657525921,3723.864828762962,70753.43174649625,5943.1578947368425,64810.273851759404,145522.7034247408,-169.84036201681513,1304.1117038974164,0.3100970040754039,1.0,temperature,7.275957614183426e-12,9.091032791522747e-08,1.2182927990656974e-05
1340.0,0.43366279739098623,0.3307464047479113,8.283837931240855,220000.0,75062.57876901858,3753.128938450929,71309.44983056765,5943.1578947368425,65366.291935830806,144937.42123098142,-171.20936566159068,1335.02967923281,0.31275737768340106,1.0,temperature,7.275957614183426e-12,9.226430408054605e-08,1.227519229473752e-05
1345.0,0.43487729063811764,0.38849076690430695,8.332788063505426,220000.0,75651.61876741564,3782.580938370782,71869.03782904486,5943.1578947368425,65925.87993430802,144348.38123258436,-172.58588248709736,1366.3967438187508,0.3154348322215692,1.0,temperature,0.0,9.363902467109474e-08,1.2368831319408615e-05
1350.0,0.436101523960547,0.44660986249731105,8.381798145844048,220000.0,76244.46088555464,3812.2230442777363,72432.2378412769,5943.1578947368425,66489.07994654006,143755.53911444536,-173.96999845049078,1398.2182923598868,0.318129569122201,1.0,temperature,0.0,9.503488447429399e-08,1.2463866203882909e-05
1355.0,0.43733555145023073,0.5051081699124773,8.430874331936955,220000.0,76841.15026697602,3842.057513348802,72999.09275362722,5943.1578947368425,67055.93485889038,143158.84973302396,-175.36180116557864,1430.4998158808748,0.32084179358320786,1.0,temperature,0.0,9.645228788662544e-08,1.2560318491769535e-05
1360.0,0.4385794278273733,0.5639902494509095,8.480022727383984,220000.0,77441.7328897718,3872.0866444885905,73569.6462452832,5943.1578947368425,67626.48835054637,142558.2671102282,-176.76137990973663,1463.246903351539,0.3235717145959156,1.0,temperature,0.0,9.789164917088725e-08,1.2658210140940422e-05
1365.0,0.4398332084521878,0.6232607439896779,8.529249392418361,220000.0,78046.255573033,3902.312778651656,74143.94279438135,5943.1578947368425,68200.78489964451,141953.744426967,-178.16882563153808,1496.4652433318327,0.32631954497437576,1.0,temperature,0.0,9.935339272148299e-08,1.2757563533661906e-05
1370.0,0.4410969493367148,0.6829243796744172,8.578560344573008,220000.0,78654.76598363105,3932.738299181554,74722.0276844495,5943.1578947368425,68778.86978971265,141345.23401636895,-179.58423095909762,1530.1606256372893,0.329085501386185,1.0,temperature,0.0,1.0083795333801838e-07,1.2858401486999924e-05
1375.0,0.44237070715670485,0.742985966643978,8.627961561301047,220000.0,79267.31264332772,3963.3656321663875,75303.94701116133,5943.1578947368425,69360.7891164245,140732.68735667228,-181.00769020911275,1564.3389430251573,0.3318698043848061,1.0,temperature,0.0,1.0234577650748234e-07,1.2960747263507406e-05
1380.0,0.44365453926356985,0.8034503997870241,8.677458982552192,220000.0,79883.94493621514,3994.197246810756,75889.74768940438,5943.1578947368425,69946.58979466754,140116.05506378488,-182.43929939660296,1599.0061929018193,0.3346726784433856,1.0,temperature,0.0,1.0387731869530423e-07,1.306462458220271e-05
1385.0,0.4449485036964074,0.8643226595304798,8.727058513306634,220000.0,80504.71311648391,4025.2356558242027,76479.4774606597,5943.1578947368425,70536.31956592287,139495.2868835161,-183.87915624533872,1634.1684790518632,0.3374943519900611,1.0,temperature,0.0,1.0543304764559176e-07,1.3170057629848302e-05
1390.0,0.44625265919410373,0.9256078126597436,8.776766026068016,220000.0,81129.66831651663,4056.483415825831,77073.1849006908,5943.1578947368425,71130.02700595396,138870.33168348338,-185.32736019895,1669.8320133891077,0.34033505744475573,1.0,temperature,0.0,1.0701344269085415e-07,1.3277071072539157e-05
1395.0,0.44756706520751915,0.9873110131706037,8.826587363317058,220000.0,81758.86255531042,4087.943127765524,77670.9194275449,5943.1578947368425,71727.76153280806,138241.13744468958,-186.78401243271938,1706.0031177302249,0.3431950312574547,1.0,temperature,0.0,1.0861899507154833e-07,1.3385690067610706e-05
1400.0,0.44889178191176166,1.0494375031527963,8.876528339927326,220000.0,82392.34874722191,4119.617437361099,78272.73130986081,5943.1578947368425,72329.57341512397,137607.65125277807,-188.24921586604097,1742.688225590978,0.3460745139479615,1.0,temperature,0.0,1.1025020826577081e-07,1.3495940275876476e-05
1405.0,0.45022687021855257,1.1119926137051652,8.926594745544639,220000.0,83030.18071103912,4151.509035551964,78878.67167548716,5943.1578947368425,72935.51378075032,136969.8192889609,-189.72307517555188,1779.8938840057224,0.3489737501471305,1.0,temperature,0.0,1.1190759832945513e-07,1.3607847874205931e-05
1410.0,0.45157239178868946,1.1749817658823933,8.97679234693156,220000.0,83672.41317937674,4183.620658968837,79488.79252040791,5943.1578947368425,73545.63462567107,136327.58682062326,-191.20569680892524,1817.6267553703392,0.35189298863957436,1.0,temperature,0.0,1.135916942474334e-07,1.3721439568453364e-05
1415.0,0.4529284090446106,1.2384104716732836,9.027126890278371,220000.0,84319.1018083962,4215.955090419811,80103.14671797639,5943.1578947368425,74159.98882323955,135680.8981916038,-192.69718899932303,1855.8936193089646,0.354832482407845,1.0,temperature,0.0,1.153030382957386e-07,1.3836742606749103e-05
1420.0,0.45429498518306605,1.302284335010583,9.077604103481926,220000.0,84970.30318784933,4248.5151593924675,80721.78802845687,5943.1578947368425,74778.63013372003,135029.69681215065,-194.19766178050503,1894.7013745648244,0.35779248867808655,1.0,temperature,0.0,1.1704218641554007e-07,1.3953784793164643e-05
1425.0,0.45567218418789907,1.3666090528123525,9.128229698393726,220000.0,85626.07485144568,4281.303742572287,81344.77110887339,5943.1578947368425,75401.61321413655,134373.92514855432,-195.70722700258779,1934.0570409153627,0.36077326896716055,1.0,temperature,0.0,1.1880970859911686e-07,1.407259450176376e-05
1430.0,0.45706007084294376,1.4313904160548914,9.179009373038534,220000.0,86286.47528754392,4314.323764377201,81972.15152316671,5943.1578947368425,76028.99362842987,133713.5247124561,-197.2259983484542,1973.967761112044,0.3637750891312431,1.0,temperature,0.0,1.2060618928828881e-07,1.4193200691052048e-05
1435.0,0.458458710745042,1.4966343108772429,9.229948813804823,220000.0,86951.56395016723,4347.578197508366,82603.98575265886,5943.1578947368425,76660.82785792202,133048.4360498328,-198.75409135080739,2014.4408028449327,0.3667982194158949,1.0,temperature,0.0,1.2243222778574728e-07,1.4315632918837795e-05
1440.0,0.4598681703171855,1.562346719717307,9.281053697608312,220000.0,87621.40127034344,4381.070063517182,83240.33120682626,5943.1578947368425,77297.17331208942,132378.59872965654,-200.2916234098697,2055.4835607323976,0.36984293450760464,1.0,temperature,0.0,1.2428843867973543e-07,1.4439921357517531e-05
1445.0,0.4612885168217865,1.6285337224796028,9.332329694029841,220000.0,88296.04866776802,4414.80243338841,83881.2462343796,5943.1578947368425,77938.08833964277,131703.95133223198,-201.83871381171758,2097.1035583358853,0.37290951358680763,1.0,temperature,0.0,1.261754522825498e-07,1.4566096809800081e-05
1450.0,0.46271981837408205,1.6952014977347256,9.383782467428766,220000.0,88975.56856279429,4448.778428139718,84526.79013465457,5943.1578947368425,78583.63223991773,131024.43143720571,-203.39548374726039,2139.3084502002403,0.37599824038238144,1.0,temperature,0.0,1.2809391508335754e-07,1.4694190724883439e-05
1455.0,0.46416214395567656,1.7623563239505562,9.43541767903308,220000.0,89660.02438874694,4483.001219437356,85177.02316930958,5943.1578947368425,79233.86527457274,130339.97561125306,-204.96205633184996,2182.1060239193866,0.37910940322762054,1.0,temperature,0.0,1.3004449021583024e-07,1.4824235215099269e-05
1460.0,0.4656155634282266,1.8300045807552803,9.487240989007404,220000.0,90349.48060456273,4517.4740302281425,85832.00657433459,5943.1578947368425,79888.84867959775,129650.51939543727,-206.5385566255276,2225.504202227674,0.3822432951176926,1.0,temperature,0.0,1.3202785794113225e-07,1.4956263073040401e-05
1465.0,0.46708014754727256,1.8981527502322897,9.539258058499975,220000.0,91044.00270775789,4552.200135387902,86491.80257236998,5943.1578947368425,80548.64467763314,128955.99729224211,-208.12511165390353,2269.511045116914,0.3854002137685797,1.0,temperature,0.0,1.3404471614680498e-07,1.5090307789187207e-05
1470.0,0.46855596797622207,1.9668074182470368,9.591474551669753,220000.0,91743.65724772184,4587.182862386093,87156.47438533575,5943.1578947368425,81213.31649059891,128256.34275227816,-209.72185042966584,2314.1347519790625,0.3885804616775068,1.0,temperature,0.0,1.3609578086211847e-07,1.5226403570049325e-05
1475.0,0.4700430973004886,2.035975275805922,9.643896137694712,220000.0,92448.51183934,4622.42559196701,87826.086247373,5943.1578947368425,81882.92835263615,127551.48816066,-211.328903974721,2359.3836637746663,0.3917843461848617,1.0,temperature,0.0,1.3818178679048818e-07,1.5364585356839813e-05
1480.0,0.47154160904179093,2.1056631204473,9.696528492762397,220000.0,93158.63517694447,4657.931758847233,88500.70341809724,5943.1578947368425,82557.5455233604,126841.36482305553,-212.9464053429618,2405.2662652269564,0.3950121795376097,1.0,temperature,0.0,1.4030348785956433e-07,1.5504888844699377e-05
1485.0,0.47305157767261674,2.1758778576646867,9.749377302043763,220000.0,93874.097048596,4693.704852429801,89180.3921961662,5943.1578947368425,83237.23430142936,126125.902951404,-214.57448964366614,2451.7911870416488,0.39826427895420735,1.0,temperature,0.0,1.4246165778964207e-07,1.564735050248902e-05
1490.0,0.47457307863085557,2.246626502362268,9.80244826165134,220000.0,94594.9683506944,4729.74841753472,89865.21993315968,5943.1578947368425,83922.06203842284,125405.0316493056,-216.21329406551797,2498.967208152124,0.4015409666910187,1.0,temperature,0.0,1.4465709068104946e-07,1.5792007593170068e-05
1495.0,0.47610618833460516,2.3179161803427943,9.8557470805827,220000.0,95321.32110292303,4766.066055146162,90555.25504777687,5943.1578947368425,84612.09715304003,124678.67889707697,-217.862957901261,2546.8032579901724,0.40484257011023916,1.0,temperature,0.0,1.468906016212122e-07,1.593889819479128e-05
1500.0,0.4776509841971557,2.389754129827964,9.909279482650206,220000.0,96053.228463523,4802.661423176149,91250.56704034685,5943.1578947368425,85307.40914561001,123946.771536477,-219.5236225729716,2595.3084187817253,0.40816942174933035,1.0,temperature,0.0,1.4916302731210254e-07,1.6088061222103385e-05
1505.0,0.47920754464215615,2.462147703011388,9.96305120839801,220000.0,96790.76474490413,4839.538237245215,91951.22650765891,5943.1578947368425,86008.06861292207,123209.23525509587,-221.19543165796404,2644.491927867795,0.4115218593919716,1.0,temperature,0.0,1.514752267188352e-07,1.623953644882222e-05
1510.0,0.48077594911896765,2.535104367644241,10.01706801700723,220000.0,97534.00542958736,4876.700271479378,92657.30515810798,5943.1578947368425,86714.14726337114,122465.99457041264,-222.87853091531522,2694.3631800499,0.41490022614053146,1.0,temperature,0.0,1.5382808174016886e-07,1.639336453056239e-05
1515.0,0.4823562781182074,2.6086317086536877,10.071335688190215,220000.0,98283.02718648454,4914.151359324227,93368.87582716031,5943.1578947368425,87425.71793242347,121716.97281351546,-224.5730683130174,2744.9317299600107,0.41830487049006454,1.0,temperature,0.0,1.562224979017308e-07,1.654958702846412e-05
1520.0,0.48394861318748866,2.6827374297941926,10.125860024074823,220000.0,99037.90788751487,4951.8953943757515,94086.01249313912,5943.1578947368425,88142.85459840228,120962.09211248513,-226.27919405575625,2796.207294454496,0.4217361464038387,1.0,temperature,0.0,1.5865940507280606e-07,1.6708246433536927e-05
1525.0,0.48555303694736013,2.7574293553318006,10.18064685107956,220000.0,99798.72662455746,4989.936331227873,94808.79029332958,5943.1578947368425,88865.63239859274,120201.27337544254,-227.99706061331048,2848.199755031581,0.42519441339039565,1.0,temperature,0.0,1.6113975820755306e-07,1.686938619174448e-05
1530.0,0.48716963310744976,2.8327154317614864,10.235702021780469,220000.0,100565.56372674348,5028.278186337178,95537.2855404063,5943.1578947368425,89594.12764566946,119434.43627325652,-229.7268227495784,2900.919160271984,0.4286800365821507,1.0,temperature,0.0,1.6366453811156228e-07,1.7033050729856044e-05
1535.0,0.4887984864828173,2.9086037295576626,10.29103141677061,220000.0,101338.50077808829,5066.925038904417,96271.57573918387,5943.1578947368425,90328.41784444703,118661.49922191171,-231.4686375522294,2954.375728302155,0.432193386815536,1.0,temperature,0.0,1.6623475223470368e-07,1.719928548209075e-05
1540.0,0.49043968301051977,2.98510244495793,10.346640946512947,220000.0,102117.6206354624,5105.881031773126,97011.73960368928,5943.1578947368425,91068.58170895244,117882.3793645376,-233.2226644629772,3008.5798492794056,0.43573484071269086,1.0,temperature,0.0,1.6885143549123268e-07,1.7368136917581982e-05
1545.0,0.49209330976639426,3.062219901780158,10.402536553187474,220000.0,102903.00744690513,5145.150372345262,97757.85707455987,5943.1578947368425,91814.69917982303,117096.99255309487,-234.98906530847938,3063.542087898415,0.43930478076470336,1.0,temperature,0.0,1.715156511081886e-07,1.753965256869017e-05
1550.0,0.4937594549820629,3.139964553272962,10.458724212533358,220000.0,103694.74667027997,5184.737333514,98510.00933676597,5943.1578947368425,92566.85144202913,116305.25332972003,-236.76800433186116,3119.273185918342,0.44290359541640734,1.0,temperature,0.0,1.7422849150314662e-07,1.7713881060193317e-05
1555.0,0.4954382080621638,3.2183449839996543,10.515209935686887,220000.0,104492.92509227271,5224.646254613646,99268.27883765906,5943.1578947368425,93325.12094292222,115507.07490772729,-238.5596482248619,3175.7840647096637,0.44653167915273817,1.0,temperature,0.0,1.7699107919241944e-07,1.7890872139385738e-05
1560.0,0.49712965960181255,3.2973699117557222,10.571999771015989,220000.0,105297.63084773356,5264.881542386676,100032.74930534688,5943.1578947368425,94089.59141061004,114702.36915226644,-240.36416616060725,3233.085827820017,0.4501894325866505,1.0,temperature,0.0,1.7980456773087088e-07,1.807067670711661e-05
1565.0,0.49883390140429884,3.3770481895198903,10.62909980595206,220000.0,106108.9534393625,5305.447671968126,100803.50576739438,5943.1578947368425,94860.34787265754,113891.0465606375,-242.18172982700153,3291.1897635578607,0.45387726254860034,1.0,temperature,0.0,1.8267014268453044e-07,1.8253346849801142e-05
1570.0,0.5005510264990226,3.4573888074388046,10.686516168819846,220000.0,106926.98375774118,5346.34918788707,101580.63456985411,5943.1578947368425,95637.47667511727,113073.01624225882,-244.01251346074804,3350.1073475932594,0.4575955821775949,1.0,temperature,0.0,1.8558902263726247e-07,1.8438935872438406e-05
1575.0,0.5022811291596736,3.5384008948453727,10.744255030666073,220000.0,107751.81410170872,5387.590705085444,102364.22339662327,5943.1578947368425,96421.06550188643,112248.18589829128,-245.85669388198914,3409.850245574376,0.46134481101381086,1.0,temperature,0.0,1.8874957825588455e-07,1.862768545069429e-05
1580.0,0.5040243049226595,3.6200937223107728,10.802322607087556,220000.0,108583.53819908286,5429.176909954142,103154.36128912872,5943.1578947368425,97211.20339439188,111416.46180091714,-247.71445052956724,3470.430315758524,0.46512537509278407,1.0,temperature,0.0,1.9238004245901012e-07,1.8820065493153302e-05
1585.0,0.5057806506057859,3.7024767037301385,10.860725160059443,220000.0,109422.25122772755,5471.112561386384,103951.13866634117,5943.1578947368425,98007.98077160433,110577.74877227245,-249.5859654969098,3531.859611656634,0.4689377070411693,1.0,temperature,0.0,1.9609351561737346e-07,1.9016159008770674e-05
1590.0,0.5075502643271941,3.7855593984419116,10.919468999764295,220000.0,110268.04983696649,5513.402491848334,104754.64734511815,5943.1578947368425,98811.48945038131,109731.95016303351,-251.47142356853473,3594.1503846896303,0.47278224617407316,1.0,temperature,0.0,1.9989230931496701e-07,1.9216051318085642e-05
1595.0,0.5093332455245594,3.8693515133808276,10.978560486422616,220000.0,111121.03216934077,5556.051608467038,105564.98056087374,5943.1578947368425,99621.8226661369,108878.96783065923,-253.37101225717157,3657.315086855097,0.4766594385939559,1.0,temperature,0.0,2.0377881037288107e-07,1.9419830128458522e-05
1600.0,0.5111296949745552,3.9538629052644954,11.038006032125516,220000.0,111981.29788271364,5599.064894135692,106382.23298857795,5943.1578947368425,100439.07509384111,108018.70211728636,-255.28492184150434,3721.366373402885,0.4805697372911053,1.0,temperature,0.0,2.0775548361980482e-07,1.9627585612078327e-05
1605.0,0.512939714812587,4.039103582813508,11.097812102670103,220000.0,112848.94817271916,5642.44740863597,107206.50076408319,5943.1578947368425,101263.34286934635,107151.05182728084,-257.2133454045296,3786.3171055177568,0.4845136022456764,1.0,temperature,0.0,2.1182487477589232e-07,1.983941048685422e-05
1610.0,0.5147634085528011,4.125083709004992,11.157985219398226,220000.0,113724.08579555563,5686.2042897777865,108037.88150577784,5943.1578947368425,102094.723611041,106275.91420444437,-259.15647887252857,3852.180353007297,0.488491500531297,1.0,temperature,0.0,2.1598961345505444e-07,2.005540010030927e-05
1615.0,0.5166008811083709,4.211813603359498,11.218531961039155,220000.0,114606.81509112168,5730.340754556091,108876.47433656559,5943.1578947368425,102933.31644182875,105393.18490887832,-261.1145210546511,3918.9693969930586,0.4925039064202329,1.0,temperature,0.0,2.2025241629099902e-07,2.027565251660027e-05
1620.0,0.5184522388120668,4.299303744261092,11.279458965556785,220000.0,115497.2420064945,5774.862100324724,109722.37990616978,5943.1578947368425,103779.22201143294,104502.7579935055,-263.08767368310936,3986.697732602923,0.49655130149010984,1.0,temperature,0.0,2.246160901925752e-07,2.0500268606792845e-05
1625.0,0.5203175894371134,4.387564771310499,11.34077293200192,220000.0,116395.474119751,5819.773705987551,110575.70041376345,5943.1578947368425,104632.54251902661,103604.525880249,-265.07614145398236,4055.3790716626168,0.5006341747321843,1.0,temperature,0.0,2.290835357342791e-07,2.0729352142527124e-05
1630.0,0.522197042218337,4.476607487711108,11.402480622370193,220000.0,117301.6206641249,5865.081033206254,111436.53963091865,5943.1578947368425,105493.38173618181,102698.3793358751,-267.0801320686173,4125.027345383525,0.5047530226611566,1.0,temperature,0.0,2.3365775068801877e-07,2.0963009893215142e-05
1635.0,0.52409070787361,4.5664428626876274,11.464588863466135,220000.0,118215.79255250446,5910.789627625229,112305.00292487923,5943.1578947368425,106361.84503014239,101784.20744749554,-269.09985627563896,4195.656707044978,0.5089083494265184,1.0,temperature,0.0,2.3834183370258832e-07,2.1201351726917732e-05
1640.0,0.5259986986255942,4.657082033937148,11.527104548773934,220000.0,119138.1024022634,5956.905120113181,113181.19728215021,5943.1578947368425,107238.03938741337,100861.8975977366,-271.1355279135499,4267.281534667746,0.5131006669254226,1.0,temperature,0.0,2.431389881375656e-07,2.1444490715055297e-05
1645.0,0.5279211282237886,4.7485363101123355,11.590034640335366,220000.0,120068.664560425,6003.433228021255,114065.23133240374,5943.1578947368425,108122.0734376669,99931.335439575,-273.18736395392455,4339.916433676268,0.517330494917067,1.0,temperature,0.0,2.4805252605871887e-07,2.1692543241114017e-05
1650.0,0.5298581119668844,4.840817173336433,11.653386170635374,220000.0,121007.59512915704,6050.379756457856,114957.21537269918,5943.1578947368425,109014.05747796234,98992.40487084296,-275.25558454519194,4413.576239546614,0.5215983611385756,1.0,temperature,0.0,2.530858724023264e-07,2.1945629113516345e-05
1655.0,0.5318097667254336,4.933936281749727,11.717166244495784,220000.0,121955.011991591,6097.750599579551,115857.26139201145,5943.1578947368425,109914.10349727461,98044.988008409,-277.3404130569952,4488.276020436749,0.5259048014223668,1.0,temperature,0.0,2.582425693162016e-07,2.2203871682832548e-05
1660.0,0.5337762109648326,5.027905472087092,11.781382040977583,220000.0,122911.03483796754,6145.55174189838,116765.48309606916,5943.1578947368425,110822.32520133232,97088.96516203246,-279.442076125133,4564.031079796247,0.5302503598149872,1.0,temperature,0.0,2.635262806855926e-07,2.246739796351814e-05
1665.0,0.5357575647686268,5.122736762286168,11.846040815292195,220000.0,123875.78519209792,6193.789259604906,117681.99593249301,5943.1578947368425,111738.83803775617,96124.21480790208,-281.5608036970638,4640.856958951395,0.5346355886973976,1.0,temperature,0.0,2.6894079685252474e-07,2.2736338760370667e-05
1670.0,0.5377539498621384,5.2184423541257035,11.911149900722172,220000.0,124849.38643814166,6242.4693219070905,118606.91711623457,5943.1578947368425,112663.75922149773,95150.61356185834,-283.6968290779753,4718.7694396623665,0.5390610489066878,1.0,temperature,0.0,2.744900395376048e-07,2.3010828799908273e-05
1675.0,0.5397654896364239,5.315034635893533,11.97671671055169,220000.0,125831.96384769425,6291.598192384714,119540.36565530954,5943.1578947368425,113597.2077605727,94168.03615230575,-285.8503889774076,4797.784546648432,0.5435273098591995,1.0,temperature,0.0,2.801780669737295e-07,2.3291006866882003e-05
1680.0,0.5417923091725616,5.4125261850836255,12.04274874000722,220000.0,126823.64460717731,6341.182230358871,120482.46237681844,5943.1578947368425,114539.3044820816,93176.35539282269,-288.02172355641835,4877.918550076884,0.5480349496750315,1.0,temperature,0.0,2.860090792616378e-07,2.357701594614364e-05
1685.0,0.5438345352662766,5.510929771121555,12.10925356820873,220000.0,127824.55784552888,6391.227892276453,121433.32995325243,5943.1578947368425,115490.17205851559,92175.44215447112,-290.211076475287,4959.187968011653,0.5525845553039025,1.0,temperature,0.0,2.9198742395773203e-07,2.3869003370101373e-05
1690.0,0.5458922964529036,5.610258358117738,12.176238860131756,220000.0,128834.83466218499,6441.741733109258,122393.09292907573,5943.1578947368425,116449.9350343389,91165.16533781501,-292.41869494174273,5041.609568816765,0.5571767226523392,1.0,temperature,0.0,2.9811760190513115e-07,2.4167120972006505e-05
1695.0,0.5479657230326941,5.710525107647675,12.243712368580637,220000.0,129854.60815534588,6492.730407767303,123361.87774757858,5943.1578947368425,117418.71985284174,90145.39184465412,-294.6448297597063,5125.200373509932,0.5618120567121611,1.0,temperature,0.0,3.044042733194621e-07,2.4471525245325966e-05
1700.0,0.550054947096469,5.811743381558408,12.311681936173233,220000.0,130884.01345051969,6544.200672525985,124339.8127779937,5943.1578947368425,118396.65488325687,89115.98654948031,-296.88973537853497,5209.977658061165,0.5664911716902248,1.0,temperature,0.0,3.1085226414149554e-07,2.478237750946746e-05
1705.0,0.5521601025516217,5.913926744800315,12.380155497337368,220000.0,131923.18772933655,6596.159386466825,125327.02834286973,5943.1578947368425,119383.87044813289,88076.81227066345,-299.1536699427591,5295.958955631262,0.5712146911393923,0.9998778953411801,temperature,0.0,3.174665726693444e-07,2.5099844082136805e-05
1710.0,0.5542813251484748,6.017088968283318,12.449141080319249,220000.0,132972.27025862026,6648.613512931013,126323.65674568925,5943.1578947368425,120380.49885095241,87027.72974137974,-301.4368953422891,5383.162058744136,0.5759832480906814,0.9951997721075072,temperature,0.0,3.24252376483574e-07,2.542409645862038e-05
1715.0,0.5564187525069929,6.1212440317564925,12.51864680920409,220000.0,134031.40241971237,6701.570120985634,127329.83229872673,5943.1578947368425,121386.67440398989,85968.59758028763,-303.739677263087,5471.605021387621,0.5807974851865547,0.9904859441145003,temperature,0.0,3.312150396792911e-07,2.575531149829967e-05
1720.0,0.5585725241438549,6.226406126709999,12.58868090594913,220000.0,135100.7277380371,6755.036386901862,128345.69135113523,5943.1578947368425,122402.53345639839,84899.2722619629,-306.06228523828406,5561.30616103642,0.585658054815303,0.9857361055400158,temperature,0.0,3.383601204199946e-07,2.6093671618719666e-05
1725.0,0.56074278149989,6.332589659298174,12.659251692429203,220000.0,136180.39191289298,6809.019595644655,129371.37231724833,5943.1578947368425,123428.21442251149,83819.60808710702,-308.4049926997196,5652.284060590435,0.5905656192464666,0.980949946346989,temperature,0.0,3.4569337882868875e-07,2.6439364997548355e-05
1730.0,0.5629296679678781,6.439809253282544,12.730367592495039,220000.0,137270.54284746494,6863.527142373263,130407.01570509168,5943.1578947368425,124463.85781035484,82729.45715253506,-310.76807702989714,5744.557570222328,0.595520850767248,0.9761271522224667,temperature,0.0,3.5322078523264705e-07,2.6792585782781003e-05
1735.0,0.5651333289207197,6.54807975299343,12.802037134044353,220000.0,138371.3306790378,6918.566533951904,131452.7641450859,5943.1578947368425,125509.60625034907,81628.66932096219,-313.15181961432233,5838.145809126579,0.6005244318198519,0.9712674045158264,temperature,0.0,3.609485287789808e-07,2.7153534311559985e-05
1740.0,0.5673539117399752,6.657416226308725,12.874268951105861,220000.0,139482.9078094028,6974.145390470134,132508.76241893266,5943.1578947368425,126565.6045241958,80517.0921905972,-315.55650589421344,5933.0681671631155,0.6055770551396933,0.9663703801761785,temperature,1.4551915228366852e-11,3.688830264391101e-07,2.7522417337999095e-05
1745.0,0.5695915658447794,6.767833967648337,12.947071785936247,220000.0,140605.42893543988,7030.271446772007,133575.15748866787,5943.1578947368425,127631.99959393103,79394.57106456012,-317.98242541955784,6029.344306387573,0.6106794238944071,0.961435751688944,temperature,0.0,3.770309324211694e-07,2.7899448270420263e-05
1750.0,0.5718464427211303,6.879348500982671,13.020454491130113,220000.0,141739.0510798599,7086.952553993004,134652.0985258669,5943.1578947368425,128708.94063113004,78260.9489201401,-320.4298719024869,6126.994162459932,0.615832251823589,0.9564631870116013,temperature,1.4551915228366852e-11,3.853991480103647e-07,2.8284847418430626e-05
1755.0,0.5741186959515555,6.991975582853453,13.094426031742909,220000.0,142883.93362209245,7144.1966811046295,135739.73694098782,5943.1578947368425,129796.57904625096,77116.06637790755,-322.8991432709518,6226.037945923405,0.6210362633791913,0.9514523495085994,temperature,1.4551915228366852e-11,3.9399483185836196e-07,2.867884225028899e-05
1760.0,0.5764084812451594,7.105731205405062,13.168995487426782,220000.0,144040.23832929923,7202.0119164649805,136838.22641283425,5943.1578947368425,130895.0685180974,75959.76167070077,-325.3905417226652,6326.496143344373,0.6262921938664944,0.9464028978854322,temperature,1.4551915228366852e-11,4.028254107438995e-07,2.9081667661032887e-05
1765.0,0.5787159564680507,7.220631599424439,13.244172054579284,220000.0,145208.12938749566,7260.406469374779,137947.72291812088,5943.1578947368425,132004.56502338403,74791.87061250434,-327.9043737792851,6428.389518304346,0.6316007895855695,0.941314486121868,temperature,0.0,4.118985908279684e-07,2.9493566251860854e-05
1770.0,0.5810412816741527,7.336693237387506,13.319965048504816,220000.0,146387.7734327612,7319.388671638066,139068.38476112313,5943.1578947368425,133125.22686638628,73612.2265672388,-330.4409503408091,6531.739112234247,0.6369628079731404,0.9361867634043317,temperature,0.0,4.2122236942817894e-07,2.9914788621289032e-05
1775.0,0.5833846191363982,7.453932836509947,13.396383905588642,220000.0,147579.33958251544,7378.966979125777,140200.37260338967,5943.1578947368425,134257.2147086528,72420.66041748456,-333.00058674014525,6636.566245080932,0.6423790177447501,0.9310193740574384,temperature,0.0,4.30805047338194e-07,3.0345593668627226e-05
1780.0,0.5857461333783088,7.5723673618000165,13.473438185483307,220000.0,148782.99946683928,7439.149973341962,141343.8494934973,5943.1578947368425,135400.69159876046,71217.00053316072,-335.5836027978256,6742.8925157954,0.6478501990371308,0.9258119574746707,temperature,0.0,4.406552417195231e-07,3.078624891034675e-05
1785.0,0.5881259912059605,7.692014029110959,13.55113757330718,220000.0,149998.92725981725,7499.946362990857,142498.9808968264,5943.1578947368425,136555.82300208954,70001.07274018275,-338.1903228768282,6850.739802631979,0.6533771435506674,0.9205641480482025,temperature,0.0,4.507818995944219e-07,3.1237030809941166e-05
1790.0,0.5905243617403353,7.812890308190453,13.629491881854896,220000.0,151227.29971087628,7561.364985543827,143665.93472533245,5943.1578947368425,137722.7768305956,68772.70028912372,-340.82107593746724,6960.130263246931,0.6589606546918447,0.9152755750978654,temperature,0.0,4.6119431197016383e-07,3.169822512191133e-05
1795.0,0.5929414164500589,7.935013925724363,13.70851105381932,220000.0,152468.2961760924,7623.414808804635,144844.88136728777,5943.1578947368425,138901.72347255092,67531.70382390759,-343.4761955923095,7071.086334584608,0.6646015477155545,0.9099458627992549,temperature,0.0,4.7190212862660043e-07,3.2170127250537925e-05
1800.0,0.5953773291845258,8.058402868371928,13.78820516402469,220000.0,153722.09864944036,7686.1049324720225,146035.99371696834,5943.1578947368425,140092.8358222315,66277.90135055964,-346.1560201610763,7183.630732538955,0.6703006498671369,0.9045746301109802,temperature,0.0,4.829153736006363e-07,3.265304262413856e-05
1805.0,0.5978322762074089,8.18307538578937,13.868584421670525,220000.0,154988.89179395555,7749.444589697785,147239.44720425777,5943.1578947368425,141296.28930952091,65011.108206044446,-348.8608927254869,7297.786451377621,0.6760588005240233,0.8991614907010538,temperature,0.0,4.942444614030518e-07,3.314728708554161e-05
1810.0,0.6003064362305555,8.309049993638709,13.949659172585788,220000.0,156268.8629727746,7813.443148638733,148455.41982413587,5943.1578947368425,142512.261929399,63731.1370272254,-351.59116118398737,7413.5767629149,0.6818768513368373,0.8937060528724248,temperature,0.0,5.059002140050432e-07,3.365318729954665e-05
1815.0,0.6027999904482667,8.43634547657845,14.031439901492828,220000.0,157562.20228002776,7878.110114001407,149684.09216602636,5943.1578947368425,143740.9342712895,62437.79771997224,-354.34717830632866,7531.0252154204745,0.6877556663698063,0.8882079194876545,temperature,0.0,5.178938786338671e-07,3.417108117818052e-05
1820.0,0.6053131225719596,8.564980891232612,14.113937234280478,220000.0,158869.10257154258,7943.45512857713,150925.64744296545,5943.1578947368425,144982.4895482286,61130.89742845742,-357.1293017879261,7650.15563224879,0.6936961222403277,0.8826666878927406,temperature,0.0,5.302371464191279e-07,3.470131832459965e-05
1825.0,0.6078460188652096,8.694975569134359,14.197161940285698,220000.0,160189.75949532512,8009.4879747662635,152180.27152055886,5943.1578947368425,146237.113625822,59810.240504674875,-359.93789430395236,7770.992110174615,0.6996991082575219,0.8770819498400898,temperature,0.0,5.429421719335054e-07,3.5244260496533154e-05
1830.0,0.6103988681791722,8.826349119640371,14.281124934583048,220000.0,161524.37152178315,8076.218576089159,153448.152945694,5943.1578947368425,147504.99505095714,58475.62847821685,-362.7733235631071,7893.559017419442,0.7057655265596035,0.8714532914106453,temperature,0.0,5.560215936741335e-07,3.580028209020729e-05
1835.0,0.6129718619883792,8.959121432811823,14.365837280281234,220000.0,162873.13997364487,8143.656998682243,154729.48297496262,5943.1578947368425,148786.32508022577,57126.860026355134,-365.6359623609906,8017.88099135214,0.7118962922498839,0.8657802929351728,temperature,0.0,5.694885555333547e-07,3.6369770645740646e-05
1840.0,0.6155651944269079,9.093312682257697,14.451310190825916,220000.0,164236.26905553852,8211.813452776929,156024.4556027616,5943.1578947368425,150081.29770802474,55763.73094446148,-368.52618863303087,8143.982935848055,0.7180923335312184,0.8600625289147129,temperature,0.0,5.833567293102897e-07,3.695312737505093e-05
1845.0,0.6181790623249194,9.228943327935916,14.537555032307859,220000.0,165613.96588318274,8280.698294159141,157333.2675890236,5943.1578947368425,151390.10969428674,54386.03411681726,-371.4443855068825,8271.890018288705,0.7243545918386924,0.8542995679402046,temperature,0.0,5.976403383174603e-07,3.755076771336839e-05
1850.0,0.6208136652455603,9.366034118907576,14.62458332577548,220000.0,167006.44051214575,8350.322025607282,158656.11848653847,5943.1578947368425,152712.96059180162,52993.55948785425,-374.39094135423596,8401.627666184833,0.7306840219703427,0.8484909726112903,temperature,0.0,6.123541821397271e-07,3.816312189550812e-05
1855.0,0.6234692055222258,9.504606096039337,14.712406749550759,220000.0,168413.90596612156,8420.695298306091,159993.21066781547,5943.1578947368425,154050.0527730786,51586.09403387844,-377.3662498419543,8533.221563404051,0.7370815922156868,0.8426362994543105,temperature,0.0,6.275136626059922e-07,3.879063555811411e-05
1860.0,0.6261458882961765,9.644680594648793,14.801037141547384,220000.0,169836.5782646742,8491.828913233709,161344.7493514405,5943.1578947368425,155401.59145670364,50163.4217353258,-380.37070998246276,8666.697645984357,0.7435482844818357,0.8367350988394981,temperature,0.0,6.431348110374319e-07,3.943377036915154e-05
1865.0,0.6288439215545034,9.786279247087418,14.890486501589958,220000.0,171274.6764503979,8563.733822519891,162710.94262787802,5943.1578947368425,156767.78473314116,48725.32354960209,-383.4047261833089,8802.082097513936,0.7500850944169437,0.8307869148973857,temperature,0.0,6.592343168396424e-07,4.009300468599118e-05
1870.0,0.6315635161684369,9.929423985255415,14.980766993732983,220000.0,172728.4226154346,8636.421130771749,164092.00148466285,5943.1578947368425,158148.843589926,47271.577384565404,-386.4687082958031,8939.40134405684,0.7566930315307461,0.8247912854344368,temperature,0.0,6.75829557509773e-07,4.0768834243500954e-05
1875.0,0.6343048859319889,10.07413704304259,15.071890948578275,220000.0,174198.04192729268,8709.902096364647,165488.13983092803,5943.1578947368425,159544.98193619118,45801.95807270732,-389.5630716626511,9078.682048603854,0.7633731193119193,0.8187477418479181,temperature,0.0,6.929386301337659e-07,4.146177287363472e-05
1880.0,0.6370682476009242,10.220440958689048,15.16387086558935,220000.0,175683.76265390773,8784.188132695388,166899.57452121234,5943.1578947368425,160956.4166264755,44316.23734609227,-392.6882371644867,9219.951105027172,0.7701263953419875,0.8126558090400248,temperature,0.0,7.105803844530138e-07,4.2172353258087735e-05
1885.0,0.6398538209320497,10.368358577059292,15.256719415401264,220000.0,177185.81618787785,8859.29080939389,168326.52537848396,5943.1578947368425,162383.3674837471,42814.18381212215,-395.84463126519705,9363.235631516385,0.7769539114054889,0.8065150053312796,temperature,0.0,7.287744575841804e-07,4.2901127715671915e-05
1890.0,0.6426618287228137,10.517913051823022,15.350449442124264,220000.0,178704.43706981238,8935.221853490628,169769.21521632175,5943.1578947368425,163826.0573215849,41295.56293018762,-399.0326860559496,9508.56296347365,0.7838567335961002,0.8003248423732229,temperature,0.0,7.475413104807291e-07,4.364866902615265e-05
1895.0,0.6454924968512057,10.669127847535632,15.445073965639523,220000.0,180239.8630107201,9011.993150536,171227.8698601841,5943.1578947368425,165284.71196544723,39760.13698927991,-402.2528392977972,9655.96064584385,0.7908359424184077,0.7940848250604139,temperature,0.0,7.669022662295966e-07,4.4415571292382244e-05
1900.0,0.648312676028389,10.818413381817306,15.54060618388514,220000.0,179570.73499585877,8978.536749792955,170592.19824606582,5943.1578947368425,164649.04035132896,40429.26500414123,-400.7623041260529,9530.841080527742,0.7978926328849961,0.7877944514417651,soc_taper,0.0,7.696050886342148e-07,4.5185176381016457e-05
1905.0,0.6511116746294999,10.964665776547799,15.636987207934583,220000.0,178191.98073145797,8909.599036572909,169282.38169488506,5943.1578947368425,163339.2238001482,41808.01926854203,-397.7524327894342,9320.748734731675,0.8048592911514743,0.7815273866035799,soc_taper,0.0,7.66704805751865e-07,4.595188118676832e-05
1910.0,0.6538896188167092,11.107963482960994,15.734137388551213,220000.0,176823.58141535943,8841.179070767976,167982.40234459145,5943.1578947368425,162039.2444498546,43176.418584640574,-394.76048976131216,9115.143543475871,0.8116844029055639,0.7753073897122224,soc_taper,0.0,7.636962852841824e-07,4.6715577472052506e-05
1915.0,0.6566466351348524,11.248382738243764,15.831980427150734,220000.0,175465.47536827924,8773.273768413957,166692.20159986528,5943.1578947368425,160749.04370512842,44534.524631720764,-391.7865294203615,8913.917317366246,0.8183716292048464,0.769134180407313,soc_taper,0.0,7.605840080036134e-07,4.747616148005612e-05
1920.0,0.6593828504568086,11.385997635421303,15.930443256571449,220000.0,174117.6007238536,8705.880036192684,165411.7206876609,5943.1578947368425,159468.56279292406,45882.3992761464,-388.8305983832451,8716.965063708227,0.824924527784709,0.7630074774781057,soc_taper,0.0,7.573723559513506e-07,4.823353383600747e-05
1925.0,0.6620983919314659,11.520880190782202,16.029455925909197,220000.0,172779.89545534184,8638.994772767095,164140.90068257475,5943.1578947368425,158197.7427878379,47220.104544658156,-385.89273587236863,8524.1848713913,0.8313465563196607,0.7569269989848698,soc_taper,0.0,7.540656125071746e-07,4.898759944851464e-05
1930.0,0.6647933869341587,11.653100408938784,16.128951489276872,220000.0,171452.2974010648,8572.61487005325,162879.68253101155,5943.1578947368425,156936.5246362747,48547.7025989352,-382.97297406686164,8335.477800551893,0.837641075569836,0.7508924623745201,soc_taper,0.0,7.50667962612859e-07,4.97382674111275e-05
1935.0,0.6674679630194602,11.782726345614124,16.2288658983534,220000.0,170134.74428863724,8506.737214431865,161628.00707420538,5943.1578947368425,155684.84917946853,49865.255711362755,-380.0713384375894,8150.7477767974315,0.8438113524171431,0.7449035845907584,soc_taper,0.0,7.471834931368878e-07,5.048545090426439e-05
1940.0,0.6701222478762275,11.909824168243398,16.329137898591988,220000.0,168827.17375804545,8441.358687902277,160385.81507014317,5943.1578947368425,154442.65717540632,51172.82624195455,-377.1878480669422,7969.901489783935,0.8498605627953257,0.7389600821789774,soc_taper,0.0,7.43616193368826e-07,5.1229067097633216e-05
1945.0,0.6727563692847937,12.03445821447344,16.429708928962036,220000.0,167529.5233836258,8376.47616918129,159153.04721444452,5943.1578947368425,153209.88931970767,52470.47661637419,-374.3225159541322,7792.848295950698,0.8557917945180253,0.733061671386161,soc_taper,0.0,7.399699556324984e-07,5.196903705326571e-05
1950.0,0.6753704550762111,12.15669104864094,16.267365130366827,220000.0,160596.30133211258,8029.815066605632,152566.48626550694,580.0,151986.48626550694,59403.698667887424,-371.475349306681,7619.500125224358,0.8616080500087606,0.7272080682560141,soc_taper,0.0,7.362485760077016e-07,5.270528562927341e-05
1955.0,0.6779646330934541,12.275267726832647,16.11109736289723,220000.0,159318.30383408634,7965.91519170432,151352.38864238202,580.0,150772.38864238202,60681.69616591366,-368.6463498187459,7449.7713915137865,0.8673122489365772,0.7213989887195309,soc_taper,0.0,7.324557551507948e-07,5.3437741384424206e-05
1960.0,0.680539026999257,12.390286683031789,15.960696592211182,220000.0,158050.03902565633,7902.501951282815,150147.5370743735,580.0,149567.5370743735,61949.960974343674,-365.8349234561852,7283.825409430214,0.8728458272521902,0.7156341486812131,soc_taper,0.0,7.285589498646446e-07,5.416630033428885e-05
1965.0,0.6830937607535355,12.501843508082123,15.815960428414462,220000.0,156791.44644948613,7839.572322474327,148951.8741270118,580.0,148371.8741270118,63208.55355051387,-363.0411124500987,7121.562938337183,0.8782133785414834,0.7099132733349846,soc_taper,0.0,7.24563493260922e-07,5.489086382754977e-05
1970.0,0.68562895855852,12.610031039851824,15.676692920572096,220000.0,155542.4655029499,7777.123275147489,147765.3422278024,580.0,147185.3422278024,64457.5344970501,-360.2649512346422,6962.887984770994,0.883419363710499,0.7042360872143657,soc_taper,0.0,7.2047457621502e-07,5.5611338403764795e-05
1975.0,0.6881447448066774,12.71493945023823,15.542704357619494,220000.0,154303.03546495747,7715.151773247868,146587.8836917096,580.0,146007.8836917096,65696.96453504253,-357.50646684342485,6807.707674693096,0.8884681151930851,0.6986023143143999,soc_taper,0.0,7.162972483358293e-07,5.632763565210062e-05
1980.0,0.6906412440312877,12.816656329136112,15.41381107546698,220000.0,153073.09552141398,7653.6547760707035,145419.44074534328,580.0,144839.44074534328,66926.90447858602,-354.7656792867268,6655.932131434116,0.8933638410111173,0.6930116782073835,soc_taper,0.0,7.12036419131509e-07,5.703967207123213e-05
1985.0,0.6931185808595468,12.915266765486894,15.289835270098466,220000.0,151852.58478938232,7592.629239469126,144259.9555499132,580.0,143679.9555499132,68147.41521061768,-352.042601910508,6507.474359053668,0.8981106286930185,0.687463902152694,soc_taper,0.0,7.076968593525495e-07,5.774736893058468e-05
1990.0,0.6955768799680744,13.010853425521189,15.17060481647179,220000.0,150641.442340011,7532.072117000556,143109.37022301045,580.0,142529.37022301045,69358.55765998899,-349.3372417381219,6362.250130854003,0.902712449056055,0.6819587092010071,soc_taper,0.0,7.032832024945532e-07,5.845065213307923e-05
1995.0,0.6980162660407101,13.103496628302246,15.05595309303482,220000.0,149439.6072202865,7471.980361014343,141967.62685927216,580.0,141387.62685927216,70560.3927797135,-346.64959979559984,6220.177882799074,0.9071731598576553,0.6764958222931681,soc_taper,0.0,6.987999464443595e-07,5.914945207952359e-05
2000.0,0.7004368637284898,13.193274418673319,14.945718811677716,220000.0,148247.01847366444,7412.350923683232,140834.6675499812,580.0,140254.6675499812,71752.98152633556,-343.9796714213209,6081.178611603125,0.9114965093207714,0.6710749643539775,soc_taper,0.0,6.942514552541325e-07,5.984370353477772e-05
2005.0,0.7028387976116959,13.280262637707628,14.839745852947866,220000.0,147063.61515963895,7353.180757981958,139710.434401657,580.0,139130.434401657,72936.38484036105,-341.3274465608578,5945.175777265841,0.9156861395380882,0.6656958583811338,soc_taper,0.0,6.896419610292052e-07,6.053334549580692e-05
2010.0,0.7052221921638835,13.364534990755423,14.737883106359764,220000.0,145889.33637229368,7294.466818614688,138594.869553679,580.0,138014.869553679,74110.66362770632,-338.69291004771947,5812.0952098411435,0.9197455897596893,0.6603582275295647,soc_taper,0.0,6.849755659162851e-07,6.121832106172321e-05
2015.0,0.7075871717177884,13.446163113178697,14.639984315637877,220000.0,144724.12125789092,7236.206062894547,137487.91519499637,580.0,136907.91519499637,75275.87874210908,-336.07604187070433,5681.8650202390945,0.9236782995685864,0.65506179519137,soc_taper,0.0,6.80256244179672e-07,6.189857730590288e-05
2020.0,0.7099338604330261,13.525216633860323,14.545907928735867,220000.0,143567.90903153727,7178.395451576856,136389.51357996042,580.0,135809.51357996042,76432.09096846273,-333.47681742851165,5554.415514869116,0.9274876119483391,0.6498062850715813,soc_taper,0.0,6.754878443539358e-07,6.257406515025681e-05
2025.0,0.7122623822654975,13.601763236570804,14.455516952480824,220000.0,142420.63899297675,7121.031949648837,135299.6070433279,580.0,134719.6070433279,77579.36100702325,-330.89520777225283,5429.679113943805,0.931176776246815,0.6445914212599421,soc_taper,0.0,6.706740914623932e-07,6.324473924171921e-05
2030.0,0.7145728609384207,13.675868719272334,14.368678811696222,220000.0,141282.25054154627,7064.112527077319,134218.13801446895,580.0,133638.13801446895,78717.74945845373,-328.33117983644246,5307.590273270444,0.9347489510399707,0.6394169282988943,soc_taper,0.0,6.658185892913903e-07,6.39105578310106e-05
2035.0,0.7168654199149103,13.747597051436655,14.285265212662148,220000.0,140152.6831903394,7007.63415951698,133145.0490308224,580.0,132565.0490308224,79847.31680966061,-325.7846966590488,5188.085409367375,0.9382072068993754,0.6342825312479541,soc_taper,0.0,6.609248227112826e-07,6.457148265372188e-05
2040.0,0.719140182372033,13.817010429450011,14.20515201077607,220000.0,139031.8765796112,6951.593828980578,132080.28275063063,580.0,131500.28275063063,80968.12342038879,-323.2557175911263,5071.102827749386,0.9415545290670437,0.6291879557446438,soc_taper,0.0,6.559961600355478e-07,6.522747881375743e-05
2045.0,0.721397271176268,13.88416933017552,14.128219082281921,220000.0,137919.77048946233,6895.988524473127,131023.7819649892,580.0,130443.7819649892,82080.22951053767,-320.74419849654447,4956.582654234859,0.9447938200410004,0.6241329280621488,soc_taper,0.0,6.510358554102001e-07,6.587851466916763e-05
2050.0,0.7236368088603063,13.949132562740454,14.054350199939652,220000.0,136816.3048518363,6840.815242591809,129975.48960924448,580.0,129395.48960924448,83183.69514816371,-318.2500919422938,4844.466769134551,0.9479279020748574,0.619117175163849,soc_taper,0.0,6.460470512262673e-07,6.65245617203939e-05
2055.0,0.7258589176011273,14.011957318613144,13.983432912511601,220000.0,135721.41976186194,6786.07098809311,128935.34877376883,580.0,128355.34877376883,84278.58023813806,-315.7733473798248,4734.698744188756,0.9509595195945544,0.6141404247548747,soc_taper,0.0,6.410327805486744e-07,6.716559450094257e-05
2060.0,0.72806371919929,14.072699220031668,13.915358427946105,220000.0,134635.05548857164,6731.752774428591,127903.30271414305,580.0,127323.30271414305,85364.94451142836,-313.31391131785347,4627.223782126344,0.9538913415352799,0.6092024053308281,soc_taper,0.0,6.359959695553693e-07,6.780159047049795e-05
2065.0,0.730251335059384,14.131412366843943,13.850021500142681,220000.0,133557.15248502544,6677.8576242512645,126879.29486077417,580.0,126299.29486077417,86442.84751497456,-310.87172748704575,4521.988658725444,0.9567259636014778,0.6043028462237999,soc_taper,0.0,6.309394399811023e-07,6.843252991047905e-05
2070.0,0.7324218861715849,14.188149381816508,13.787320319186895,220000.0,132487.65139786844,6624.382569893423,125863.26882797501,580.0,125283.26882797501,87512.34860213156,-308.4467369969718,4418.941667261399,0.9594659104527172,0.5994414776458133,soc_taper,0.0,6.258659115606988e-07,6.905839582203975e-05
2075.0,0.7345754930942621,14.242961454466956,13.727156404946676,220000.0,131426.49307634792,6571.3246538174135,124855.1684225305,580.0,124275.1684225305,88573.50692365208,-306.0388784856998,4318.03256523331,0.9621136378181037,0.5946180307298113,soc_taper,0.0,6.20778004467105e-07,6.967917382650685e-05
2080.0,0.7367122759375899,14.295898383472853,13.669434503925366,220000.0,130373.61858081707,6518.680929040856,123854.93765177621,580.0,123274.93765177621,89626.38141918293,-303.6480882623854,4219.212523265908,0.9646715345417911,0.5898322375683065,soc_taper,0.0,6.15678241739955e-07,7.029485206824681e-05
2085.0,0.738832354348116,14.347008617707854,13.614062489270177,220000.0,129328.96919074553,6466.448459537278,122862.52073120825,580.0,122282.52073120825,90671.03080925447,-301.274300443182,4122.43407608809,0.9671419245620665,0.5850838312498001,soc_taper,0.0,6.105690517006906e-07,7.090542111994751e-05
2090.0,0.7409358474942402,14.39633929595376,13.560951263838028,220000.0,128292.4864122661,6414.624320613308,121877.86209165279,580.0,121297.86209165279,91707.5135877339,-298.9174470808052,4027.6510754951887,0.9695270688263664,0.5803725458930755,soc_taper,0.0,6.054527703507929e-07,7.15108738902983e-05
2095.0,0.7430228740525635,14.443936285335358,13.510014666223885,220000.0,127264.11198527212,6363.205599263616,120900.9063860085,580.0,120320.9063860085,92735.88801472788,-296.57745828803604,3934.8186452054024,0.9718291671445087,0.5756981166794661,soc_taper,0.0,6.003316437498152e-07,7.211120553404812e-05
2100.0,0.7450935521950649,14.489844218523038,13.461169379659795,220000.0,126243.78789009168,6312.189394504589,119931.5984955871,580.0,119351.5984955871,93756.21210990832,-294.25426235546115,3843.893137526049,0.9740503599823167,0.5710602798831922,soc_taper,0.0,5.952078303704161e-07,7.270641336441853e-05
2105.0,0.7471479995770689,14.534106529746474,13.41433484369576,220000.0,125231.45635375782,6261.572817687891,118969.88353606993,580.0,118389.88353606993,94768.54364624218,-291.94778586372234,3754.8320917491596,0.9761927301977416,0.5664587728998558,soc_taper,0.0,5.900834034277803e-07,7.329649676784631e-05
2110.0,0.7491863333259652,14.576765489660946,13.369433168576442,220000.0,124227.0598558891,6211.352992794462,118015.70686309465,580.0,117435.70686309465,95772.9401441109,-289.65795379052366,3667.5941941992482,0.9782583047215021,0.5618933342731802,soc_taper,0.0,5.849603531810851e-07,7.38814571210274e-05
2115.0,0.7512086700306468,14.617862239106325,13.326389052230452,220000.0,123230.54113420655,6161.527056710329,117069.01407749622,580.0,116489.01407749622,96769.45886579345,-287.38468961266,3582.13923986091,0.9802490561841775,0.5573637037200774,soc_taper,0.0,5.798405892050012e-07,7.446129771023239e-05
2120.0,0.7532151257316329,14.657436821797155,13.285129699791634,220000.0,122241.84318969552,6112.092159484775,116129.75103021074,580.0,115549.75103021074,97758.15681030448,-285.12791540328215,3498.4280955160157,0.9821669044916284,0.5528696221541182,soc_taper,0.0,5.747259426293491e-07,7.503602365286174e-05
2125.0,0.7552058159118432,14.695528215980875,13.245584745574343,220000.0,121260.90929143575,6063.045464571798,115197.86382686395,580.0,114617.86382686395,98739.09070856425,-282.88755192463674,3416.422664324869,0.9840137183505338,0.5484108317074825,soc_taper,0.0,5.696181683453694e-07,7.560564182120711e-05
2130.0,0.7571808554879962,14.732174365099736,13.207686177427165,220000.0,120287.68298111053,6014.384149055535,114273.29883205499,580.0,113693.29883205499,99712.31701888947,-280.663518716482,3336.0858517878223,0.9857913167457741,0.5439870757514595,soc_taper,0.0,5.64518947177154e-07,7.617016076838427e-05
2135.0,0.7591403588025989,14.767412207490683,13.171368263391974,220000.0,119322.10807721352,5966.105403860682,113356.00267335284,580.0,112776.00267335284,100677.89192278648,-278.455734180388,3257.3815330275897,0.987501470371321,0.539598098915564,soc_taper,0.0,5.594298880170733e-07,7.672959065640134e-05
2140.0,0.7610844396165033,14.801277705156172,13.136567480597494,220000.0,118364.12867896332,5918.206433948173,112445.92224501514,580.0,111865.92224501514,101635.87132103668,-276.26411566010637,3180.2745213346907,0.9891459030162317,0.5352436471053358,soc_taper,0.0,5.54352529924124e-07,7.728394318632547e-05
2145.0,0.7630132111020017,14.833805871637612,13.103222446318831,220000.0,117413.68916994339,5870.6844584971695,111543.00471144622,580.0,110963.00471144622,102586.31083005661,-274.0885795181972,3104.7305379217246,0.990726292907288,0.5309234675188815,soc_taper,0.0,5.492883441843712e-07,7.783323153050984e-05
2150.0,0.764926785836436,14.865030799021996,13.071273851136556,220000.0,116470.7342214776,5823.536711073888,110647.19751040371,580.0,110067.19751040371,103529.2657785224,-271.92904120908355,3030.71618283431,0.9922442740097552,0.5266373086622184,soc_taper,0.0,5.442387363327217e-07,7.837747026684256e-05
2155.0,0.7668252757962972,14.89498568411111,13.040664394131047,220000.0,115535.2087957541,5776.760439787715,109758.44835596638,580.0,109178.44835596638,104464.7912042459,-269.7854153486984,2958.1989069691235,0.9937014372876931,0.5223849203634755,soc_taper,0.0,5.392050481354731e-07,7.891667531497803e-05
2160.0,0.7687087923517923,14.923702853781629,13.011338720049812,220000.0,114607.05814871094,5730.3529074355465,108876.7052412754,580.0,108296.7052412754,105392.94185128906,-267.6576157808842,2887.1469851518727,0.9950993319251851,0.5181660537860061,soc_taper,0.0,5.341885595331646e-07,7.945086387451118e-05
2165.0,0.7705774462618564,14.951213789563363,12.983243358387488,220000.0,113686.22783269106,5684.311391634561,108001.9164410565,580.0,107421.9164410565,106313.77216730894,-265.5455556406878,2817.529490229857,0.9964394665098093,0.5139804614404614,soc_taper,0.0,5.291904905433947e-07,7.998005436505458e-05
2170.0,0.7724313476695895,14.977549151461911,12.956326664320088,220000.0,112772.66369888192,5638.633184944105,107134.03051393782,580.0,106554.03051393782,107227.33630111808,-263.44914741470257,2749.3162681365047,0.9977233101796237,0.5098278971958746,soc_taper,0.0,5.242120031233874e-07,8.050426636817796e-05
2175.0,0.7742706060980981,15.002738801051024,12.930538761436903,220000.0,111866.31189954582,5593.315594977292,106272.99630456853,580.0,105692.99630456853,108133.68810045418,-261.368302998584,2682.4779138864624,0.9989522937348891,0.5057081162898011,soc_taper,0.0,5.192542029921329e-07,8.10235205711701e-05
2180.0,0.7760953304467223,15.026811823859036,12.905831486215256,220000.0,110967.11889005266,5548.355944502633,105418.76294555003,580.0,104838.76294555003,109032.88110994734,-259.3029337518724,2616.9857484623317,1.0,0.5016208753375598,soc_taper,0.0,5.143181414121043e-07,8.15378387125822e-05
2185.0,0.7779056289876315,15.049796551072866,12.88215833418499,220000.0,110075.03143072531,5503.751571536268,104571.27985918905,580.0,103991.27985918905,109924.96856927469,-257.2529505502477,2552.8117965557344,1.0,0.4975659323406171,soc_taper,0.0,5.094048169305662e-07,8.204724352951277e-05
2190.0,0.779701609362769,15.0717205805822,12.859474407731255,220000.0,109189.99658850303,5459.499829425156,103730.49675907787,580.0,103150.49675907787,110810.00341149697,-255.21826383532579,2489.9287651268073,1.0,0.4935430466941522,soc_taper,0.0,5.045151770805679e-07,8.255175870659334e-05
2195.0,0.781483378581132,15.092610797385689,12.837736365485753,220000.0,108311.96173843574,5415.598086921789,102896.36365151395,580.0,102316.36365151395,111688.03826156426,-253.19878366211773,2428.310022748434,1.0,0.48955197919384663,soc_taper,0.0,4.996501200418485e-07,8.305140882663519e-05
2200.0,0.7832510430163694,15.112493393380168,12.816902373258127,220000.0,107440.87456501377,5372.04372825069,102068.83083676308,580.0,101488.83083676308,112559.12543498623,-251.19441974424973,2367.929579702438,1.0,0.4855924920419288,soc_taper,0.0,4.948104962618517e-07,8.354621932289703e-05
2205.0,0.785004708404682,15.131393886553202,12.796932056460745,220000.0,106576.68306334231,5328.834153167118,101247.84891017519,580.0,100667.84891017519,113423.31693665769,-249.20508149704958,2308.7620687968893,1.0,0.48166434885251247,soc_taper,0.0,4.89997110037174e-07,8.40362164329342e-05
2210.0,0.7867444798430128,15.14933713959846,12.777786453981504,220000.0,105719.33554016714,5285.9667770083615,100433.36876315878,580.0,99853.36876315878,114280.66445983286,-247.2306780785936,2250.782726874774,1.0,0.4777673146562623,soc_taper,0.0,4.852107210557744e-07,8.452142715398998e-05
2215.0,0.7884704617875118,15.166347377972821,12.75942797346073,220000.0,104868.7806147609,5243.439030738053,99625.34158402284,580.0,99045.34158402284,115131.2193852391,-245.2711184288114,2193.967376985933,1.0,0.47390115590441606,soc_taper,0.0,4.804520459003747e-07,8.500187919989035e-05
2220.0,0.7901827580522628,15.182448207413351,12.741820347929616,220000.0,104024.96721967268,5201.2483609836345,98823.71885868904,580.0,98243.71885868904,115975.03278032732,-243.32631130672718,2138.2924111949337,1.0,0.470065640472196,soc_taper,0.0,4.7572175951343696e-07,8.547760095940379e-05
2225.0,0.7918814718082601,15.197662630931712,12.724928593768931,220000.0,103187.84460134986,5159.392230067504,98028.45237128236,580.0,97448.45237128236,116812.15539865014,-241.39616532592657,2083.734773999231,1.0,0.4662605376616382,soc_taper,0.0,4.7102049662421653e-07,8.594862145602801e-05
2230.0,0.7935667055826224,15.212013065302912,12.708718969947997,220000.0,102357.36232064011,5117.868116032012,97239.4942046081,580.0,96659.4942046081,117642.63767935989,-239.4805889883339,2030.2719463330604,1.0,0.46248561820386647,soc_taper,0.0,4.663488531384081e-07,8.641497030916642e-05
2235.0,0.7952385612580338,15.22552135706473,12.693158938505219,220000.0,101533.47025317415,5076.6735126587155,96456.79674051543,580.0,95876.79674051543,118466.52974682585,-237.57949071636216,1977.8819301330727,1.0,0.45874065426083904,soc_taper,0.0,4.61707387490869e-07,8.687667769665728e-05
2240.0,0.7968971400723993,15.238208798043559,12.67821712623258,220000.0,100716.11858963962,5035.805929481983,95680.31266015764,580.0,95100.31266015764,119283.88141036038,-235.6927788835213,1926.5432334435523,1.0,0.45502541942659147,soc_taper,0.0,4.5709662196200947e-07,8.733377431861929e-05
2245.0,0.7985425426187057,15.250096140421865,12.663863287527722,220000.0,99905.25783594986,4995.262891797494,94909.99494415236,580.0,94329.99494415236,120094.74216405014,-233.82036184354823,1876.2348560394585,1.0,0.4513396887280015,soc_taper,0.0,4.5251704395843027e-07,8.778629136257772e-05
2250.0,0.8,15.253382167786661,12.650068268378302,220000.0,88130.01077875408,4406.500538937704,83723.51023981637,580.0,83143.51023981637,131869.98922124592,-207.11236471024617,1232.5065638242713,1.0,0.4476832386250984,target_soc,0.0,3.70934353363898e-07,8.815722571594161e-05
