time_s,soc,battery_core_temp_c,battery_surface_temp_c,requested_traction_power_w,available_traction_power_w,actual_traction_power_w,preconditioning_thermal_power_w,preconditioning_aux_power_w,battery_terminal_power_w,power_closure_residual_w,preconditioning_reason,incremental_aging_damage,cumulative_route_aging_damage
0.0,0.34969530249246805,-14.991558190193686,-15.0,15300.0,220000.0,15300.0,0.0,0.0,15300.00000000001,9.094947017729282e-12,strategy_none,7.843610707063508e-09,7.843610707063508e-09
5.0,0.34938487219063963,-14.982936961769097,-14.999831163803874,15582.226850822663,220000.0,15582.226850822663,0.0,0.0,15582.226850822668,5.4569682106375694e-12,strategy_none,8.018142057983111e-09,1.5861752765046617e-08
10.0,0.3490687672651235,-14.974136362871675,-14.999493590777224,15861.36156520795,220000.0,15861.36156520795,0.0,0.0,15861.361565207937,-1.2732925824820995e-11,strategy_none,8.192127029514046e-09,2.4053879794560662e-08
15.0,0.34874710803545445,-14.9651589819026,-14.998987379078207,16134.345884812357,220000.0,16134.345884812357,0.0,0.0,16134.345884812388,3.092281986027956e-11,strategy_none,8.363652783795621e-09,3.241753257835628e-08
20.0,0.34842007576752904,-14.956009981320081,-14.998312676489023,16398.18893630466,220000.0,16398.18893630466,0.0,0.0,16398.188936304694,3.2741809263825417e-11,strategy_none,8.530796567850241e-09,4.094832914620652e-08
25.0,0.3480879107920541,-14.946697095077258,-14.997469730813165,16650.0,220000.0,16650.0,0.0,0.0,16650.000000000007,7.275957614183426e-12,strategy_none,8.691649856857914e-09,4.9639979003064436e-08
30.0,0.34775090996017644,-14.937230586812447,-14.996458939120634,16887.020181189677,220000.0,16887.020181189677,0.0,0.0,16887.020181189644,-3.2741809263825417e-11,strategy_none,8.844343852746128e-09,5.8484322855810564e-08
35.0,0.34740942346038334,-14.927623166823981,-14.995280895081354,17106.652637168914,220000.0,17106.652637168914,0.0,0.0,17106.652637168932,1.8189894035458565e-11,strategy_none,8.987075878771406e-09,6.747139873458198e-08
40.0,0.34706385102859777,-14.917889866913034,-14.993936433604215,17306.49102878896,220000.0,17306.49102878896,0.0,0.0,17306.491028788954,-7.275957614183426e-12,strategy_none,9.118136133237541e-09,7.658953486781951e-08
45.0,0.3467146375910141,-14.90804787332623,-14.992426671997963,17484.345884812356,220000.0,17484.345884812356,0.0,0.0,17484.345884812363,7.275957614183426e-12,strategy_none,9.235934204007681e-09,8.582546907182719e-08
50.0,0.3463622683865023,-14.898116319232509,-14.9907530468919,17638.268590217984,220000.0,17638.268590217984,0.0,0.0,17638.268590218,1.4551915228366852e-11,strategy_none,9.339024704160372e-09,9.516449377598756e-08
55.0,0.3460072636222276,-14.888116039378845,-14.9889173461997,17766.57273563502,220000.0,17766.57273563502,0.0,0.0,17766.572735635,-2.1827872842550278e-11,strategy_none,9.426131371312447e-09,1.0459062514730001e-07
60.0,0.3456501727223583,-14.878069290738363,-14.986921735478179,17867.852593996915,220000.0,17867.852593996915,0.0,0.0,17867.852593996882,-3.2741809263825417e-11,strategy_none,9.496168980980645e-09,1.1408679412828065e-07
65.0,0.34529156823524837,-14.867999444044157,-14.984768778123291,17940.998521981273,220000.0,17940.998521981273,0.0,0.0,17940.99852198126,-1.4551915228366852e-11,strategy_none,9.548262458818275e-09,1.2363505658709892e-07
70.0,0.3449320394691752,-14.857930652047456,-14.982461448955691,17985.209117494338,220000.0,17985.209117494338,0.0,0.0,17985.20911749437,3.2741809263825417e-11,strategy_none,9.58176263718652e-09,1.3321681922428543e-07
75.0,0.3445721859304879,-14.847887501109463,-14.980003140874713,18000.0,220000.0,18000.0,0.0,0.0,18000.000000000022,2.1827872842550278e-11,strategy_none,9.596258186441203e-09,1.4281307741072663e-07
80.0,0.3442126106407982,-14.837894653299115,-14.977397664398849,17985.209117494338,220000.0,17985.209117494338,0.0,0.0,17985.209117494353,1.4551915228366852e-11,strategy_none,9.591583357318597e-09,1.5240466076804522e-07
85.0,0.3438539134115697,-14.827976486499654,-14.974649240058225,17940.998521981273,220000.0,17940.998521981273,0.0,0.0,17940.99852198128,7.275957614183426e-12,strategy_none,9.567821293466111e-09,1.6197248206151134e-07
90.0,0.34349668415508416,-14.818156740110844,-14.971762483755368,17867.852593996915,220000.0,17867.852593996915,0.0,0.0,17867.85259399695,3.637978807091713e-11,strategy_none,9.525302807097046e-09,1.714977848686084e-07
95.0,0.34314149631028634,-14.80845817376697,-14.96874238535977,17766.57273563502,220000.0,17766.57273563502,0.0,0.0,17766.572735635065,4.3655745685100555e-11,strategy_none,9.464600649876887e-09,1.8096238551848527e-07
100.0,0.342788900460425,-14.798902246080626,-14.965594280944357,17638.268590217984,220000.0,17638.268590217984,0.0,0.0,17638.26859021803,4.729372449219227e-11,strategy_none,9.38651944907529e-09,1.9034890496756058e-07
105.0,0.3424394182167654,-14.789508819786114,-14.962323819203238,17484.345884812356,220000.0,17484.345884812356,0.0,0.0,17484.34588481233,-2.546585164964199e-11,strategy_none,9.292081609387581e-09,1.9964098657694816e-07
110.0,0.34209353643899304,-14.780295898821352,-14.958936922705837,17306.49102878896,220000.0,17306.49102878896,0.0,0.0,17306.49102878893,-3.2741809263825417e-11,strategy_none,9.182509597699676e-09,2.0882349617464783e-07
115.0,0.3417517018583415,-14.77127940188875,-14.955439744738952,17106.652637168914,220000.0,17106.652637168914,0.0,0.0,17106.65263716889,-2.546585164964199e-11,strategy_none,9.059205126263548e-09,2.1788270130091139e-07
120.0,0.3414143161640481,-14.762472975915394,-14.951838622562692,16887.020181189677,220000.0,16887.020181189677,0.0,0.0,16887.02018118972,4.3655745685100555e-11,strategy_none,8.923725825149673e-09,2.2680642712606107e-07
125.0,0.34108173160758387,-14.753887851637314,-14.948140027956605,16650.0,220000.0,16650.0,0.0,0.0,16650.00000000001,1.0913936421275139e-11,strategy_none,8.777760044609924e-09,2.35584187170671e-07
130.0,0.34075424717232533,-14.745532742309722,-14.944350515957668,16398.18893630466,220000.0,16398.18893630466,0.0,0.0,16398.18893630466,0.0,strategy_none,8.623100450710532e-09,2.442072876213815e-07
135.0,0.34043210534907636,-14.737413785343318,-14.940476672692155,16134.345884812357,220000.0,16134.345884812357,0.0,0.0,16134.345884812381,2.3646862246096134e-11,strategy_none,8.46161707333754e-09,2.5266890469471905e-07
140.0,0.3401154895502184,-14.729534525531749,-14.936525063179692,15861.361565207952,220000.0,15861.361565207952,0.0,0.0,15861.361565207972,2.000888343900442e-11,strategy_none,8.295230435917067e-09,2.6096413513063614e-07
145.0,0.3398045221874095,-14.721895937508668,-14.93250217994193,15582.226850822664,220000.0,15582.226850822664,0.0,0.0,15582.226850822664,0.0,strategy_none,8.125885343691635e-09,2.6909002047432776e-07
150.0,0.33949926342977865,-14.714496484190178,-14.928414393182845,15300.0,220000.0,15300.0,0.0,0.0,15300.000000000007,7.275957614183426e-12,strategy_none,7.955525835980555e-09,2.770455463103083e-07
155.0,0.33919971065159615,-14.707332207247722,-14.924267903226076,15017.773149177336,220000.0,15017.773149177336,0.0,0.0,15017.773149177337,1.8189894035458565e-12,strategy_none,7.786071722155673e-09,2.8483161803246395e-07
160.0,0.33890579857054337,-14.700396845137544,-14.920068695800566,14738.63843479205,220000.0,14738.63843479205,0.0,0.0,14738.638434792056,5.4569682106375694e-12,strategy_none,7.61939702618453e-09,2.924510150586485e-07
165.0,0.3386174000700594,-14.693681973896416,-14.915822500663463,14465.654115187644,220000.0,14465.654115187644,0.0,0.0,14465.654115187624,-2.000888343900442e-11,strategy_none,7.457310565792963e-09,2.999083256244414e-07
170.0,0.33833432769188515,-14.68717716580124,-14.91153475394269,14201.811063695339,220000.0,14201.811063695339,0.0,0.0,14201.811063695337,-1.8189894035458565e-12,strategy_none,7.301538794665703e-09,3.0720986441910713e-07
175.0,0.33805633577793326,-14.680870161075354,-14.907210564475228,13950.0,220000.0,13950.0,0.0,0.0,13950.000000000044,4.3655745685100555e-11,strategy_none,7.153710944261528e-09,3.143635753633687e-07
180.0,0.337783123234042,-14.674747048091799,-14.902854684314777,13712.979818810323,220000.0,13712.979818810323,0.0,0.0,13712.979818810314,-9.094947017729282e-12,strategy_none,7.015346419689895e-09,3.213789217830586e-07
185.0,0.33751433688206783,-14.668792447951157,-14.898471483487633,13493.347362831084,220000.0,13493.347362831084,0.0,0.0,13493.347362831095,1.0913936421275139e-11,strategy_none,6.887844334699455e-09,3.2826676611775805e-07
190.0,0.33724957536116995,-14.662989699870757,-14.894064928991531,13293.508971211035,220000.0,13293.508971211035,0.0,0.0,13293.50897121101,-2.546585164964199e-11,strategy_none,6.772475016195932e-09,3.35039241133954e-07
195.0,0.336988393534068,-14.657321044480108,-14.889638567960974,13115.654115187643,220000.0,13115.654115187643,0.0,0.0,13115.654115187606,-3.637978807091713e-11,strategy_none,6.6703732698383605e-09,3.4170961440379234e-07
200.0,0.3367303073495181,-14.651767802838842,-14.885195514866165,12961.731409782014,220000.0,12961.731409782014,0.0,0.0,12961.731409781964,-5.093170329928398e-11,strategy_none,6.582533175177923e-09,3.4829214757897027e-07
205.0,0.33647479910827033,-14.646310549740848,-14.880738442571918,12833.427264364978,220000.0,12833.427264364978,0.0,0.0,12833.427264364966,-1.2732925824820995e-11,strategy_none,6.509804170689648e-09,3.548019517496599e-07
210.0,0.33622132307633695,-14.64092928060467,-14.876269577057927,12732.147406003085,220000.0,12732.147406003085,0.0,0.0,12732.147406003096,1.0913936421275139e-11,strategy_none,6.45288819440886e-09,3.6125483994406874e-07
215.0,0.3359693113865135,-14.635603571940146,-14.871790695592177,12659.001478018725,220000.0,12659.001478018725,0.0,0.0,12659.001478018765,4.001776687800884e-11,strategy_none,6.412337662802273e-09,3.6766717760687104e-07
220.0,0.3357181801667515,-14.630312735992225,-14.867303128153571,12614.79088250566,220000.0,12614.79088250566,0.0,0.0,12614.790882505695,3.456079866737127e-11,strategy_none,6.388554096836438e-09,3.740557317037075e-07
225.0,0.3354673358321736,-14.6250359706668,-14.862807761916377,12600.0,220000.0,12600.0,0.0,0.0,12600.00000000003,2.9103830456733704e-11,strategy_none,6.381787237824985e-09,3.804375189415325e-07
230.0,0.33521618147623883,-14.619752506217326,-14.858305048635223,12614.79088250566,220000.0,12614.79088250566,0.0,0.0,12614.79088250567,9.094947017729282e-12,strategy_none,6.392134534566219e-09,3.868296534760987e-07
235.0,0.3349641232958079,-14.614441750398225,-14.853795014802538,12659.001478018725,220000.0,12659.001478018725,0.0,0.0,12659.001478018738,1.2732925824820995e-11,strategy_none,6.41954092581258e-09,3.9324919440191125e-07
240.0,0.3347105769846146,-14.609083433861661,-14.849277274487184,12732.147406003085,220000.0,12732.147406003085,0.0,0.0,12732.147406003087,1.8189894035458565e-12,strategy_none,6.463798886789212e-09,3.9971299328870046e-07
245.0,0.3344549740299206,-14.603657757485307,-14.844751044800619,12833.427264364977,220000.0,12833.427264364977,0.0,0.0,12833.427264364955,-2.1827872842550278e-11,strategy_none,6.524548754049878e-09,4.0623754204275033e-07
250.0,0.33419676784791474,-14.598145543074477,-14.840215163971784,12961.731409782014,220000.0,12961.731409782014,0.0,0.0,12961.731409781998,-1.6370904631912708e-11,strategy_none,6.601279388252639e-09,4.1283882143100297e-07
255.0,0.33393543969471823,-14.592528388493955,-14.835668112041258,13115.65411518764,220000.0,13115.65411518764,0.0,0.0,13115.654115187644,3.637978807091713e-12,strategy_none,6.69332927822455e-09,4.1953215070922753e-07
260.0,0.33367050429167405,-14.58678882777079,-14.831108034206025,13293.508971211035,220000.0,13293.508971211035,0.0,0.0,13293.508971211013,-2.1827872842550278e-11,strategy_none,6.799888230551926e-09,4.2633203893977947e-07
265.0,0.33340151510594246,-14.58091049609344,-14.826532766856415,13493.347362831084,220000.0,13493.347362831084,0.0,0.0,13493.34736283105,-3.456079866737127e-11,strategy_none,6.919999825207737e-09,4.332520387649872e-07
270.0,0.3331280692302942,-14.574878298943844,-14.821939866344314,13712.979818810321,220000.0,13712.979818810321,0.0,0.0,13712.979818810316,-5.4569682106375694e-12,strategy_none,7.052564847477999e-09,4.403046036124652e-07
275.0,0.332849811809399,-14.568678583870437,-14.817326640505671,13950.0,220000.0,13950.0,0.0,0.0,13949.999999999985,-1.4551915228366852e-11,strategy_none,7.196345927555634e-09,4.4750094954002083e-07
280.0,0.3325664399638474,-14.562299312677625,-14.812690182929929,14201.811063695337,220000.0,14201.811063695337,0.0,0.0,14201.81106369531,-2.7284841053187847e-11,strategy_none,7.349973629465108e-09,4.5485092316948593e-07
285.0,0.33227770616762103,-14.555730231107969,-14.80802740992475,14465.654115187643,220000.0,14465.654115187643,0.0,0.0,14465.654115187634,-9.094947017729282e-12,strategy_none,7.511954228455657e-09,4.623628773979416e-07
290.0,0.33198342103973316,-14.548963032464233,-14.803335100066974,14738.638434792048,220000.0,14738.638434792048,0.0,0.0,14738.638434792074,2.546585164964199e-11,strategy_none,7.680679399011097e-09,4.7004355679695273e-07
295.0,0.3316834555162828,-14.541991511094798,-14.798609936162164,15017.773149177336,220000.0,15017.773149177336,0.0,0.0,15017.773149177376,4.001776687800884e-11,strategy_none,7.854438003114306e-09,4.77897994800067e-07
300.0,0.3313777423751863,-14.534811701279533,-14.79384854935736,15300.0,220000.0,15300.0,0.0,0.0,15299.999999999984,-1.6370904631912708e-11,strategy_none,8.031430120085187e-09,4.859294249201522e-07
305.0,0.3310662770923319,-14.527421996831109,-14.78904756506804,15582.226850822664,220000.0,15582.226850822664,0.0,0.0,15582.226850822668,3.637978807091713e-12,strategy_none,8.20978339580183e-09,4.941392083159541e-07
310.0,0.33074911801480866,-14.519823246689675,-14.784203650293966,15861.36156520795,220000.0,15861.36156520795,0.0,0.0,15861.361565207953,3.637978807091713e-12,strategy_none,8.38757171200105e-09,5.025267800279552e-07
315.0,0.33042638584413603,-14.512018821950207,-14.779313561813444,16134.345884812357,220000.0,16134.345884812357,0.0,0.0,16134.345884812388,3.092281986027956e-11,strategy_none,8.562836088206659e-09,5.110896161161618e-07
320.0,0.33009826242999274,-14.504014650126617,-14.77437419466547,16398.188936304658,220000.0,16398.188936304658,0.0,0.0,16398.188936304643,-1.4551915228366852e-11,strategy_none,8.733607633108943e-09,5.198232237492707e-07
325.0,0.3297649888827411,-14.495819213021134,-14.769382630258203,16649.999999999996,220000.0,16649.999999999996,0.0,0.0,16649.999999999967,-2.9103830456733704e-11,strategy_none,8.89793226315211e-09,5.287211560124228e-07
330.0,0.329426863020965,-14.487443505318383,-14.764336183384039,16887.020181189673,220000.0,16887.020181189673,0.0,0.0,16887.02018118969,1.8189894035458565e-11,strategy_none,9.053896808453425e-09,5.377750528208762e-07
335.0,0.32908423617818755,-14.478900951939275,-14.75923244737965,17106.652637168914,220000.0,17106.652637168914,0.0,0.0,17106.652637168914,0.0,strategy_none,9.1996560350794e-09,5.469747088559557e-07
340.0,0.3287375094007906,-14.470207283239953,-14.754069336646722,17306.49102878896,220000.0,17306.49102878896,0.0,0.0,17306.49102878897,7.275957614183426e-12,strategy_none,9.33346003324935e-09,5.56308168889205e-07
345.0,0.32838712907680484,-14.461380368288557,-14.748845125747922,17484.34588481236,220000.0,17484.34588481236,0.0,0.0,17484.345884812363,3.637978807091713e-12,strategy_none,9.453681358058238e-09,5.657618502472633e-07
350.0,0.3280335820425424,-14.45244000765433,-14.743558484314462,17638.268590217984,220000.0,17638.268590217984,0.0,0.0,17638.268590218006,2.1827872842550278e-11,strategy_none,9.558841267053782e-09,5.75320691514317e-07
355.0,0.3276773902208861,-14.443407688352892,-14.738208507046997,17766.57273563502,220000.0,17766.57273563502,0.0,0.0,17766.572735635003,-1.8189894035458565e-11,strategy_none,9.647634380836077e-09,5.849683258951531e-07
360.0,0.32731910485129256,-14.434306304759893,-14.732794738160132,17867.852593996915,220000.0,17867.852593996915,0.0,0.0,17867.85259399694,2.546585164964199e-11,strategy_none,9.71895110102544e-09,5.946872769961785e-07
365.0,0.32695930037710075,-14.425159850384539,-14.727317189711306,17940.998521981273,220000.0,17940.998521981273,0.0,0.0,17940.998521981244,-2.9103830456733704e-11,strategy_none,9.771897155411423e-09,6.044591741515899e-07
370.0,0.3265985680604447,-14.415993086339675,-14.721776353364776,17985.209117494338,220000.0,17985.209117494338,0.0,0.0,17985.209117494356,1.8189894035458565e-11,strategy_none,9.805809702388126e-09,6.14264983853978e-07
375.0,0.3262375093988594,-14.406831193115835,-14.716173205268076,18000.0,220000.0,18000.0,0.0,0.0,17999.99999999997,-2.9103830456733704e-11,strategy_none,9.820269513965593e-09,6.240852533679436e-07
380.0,0.3258767294204558,-14.397699412829907,-14.710509203857432,17985.209117494338,220000.0,17985.209117494338,0.0,0.0,17985.209117494367,2.9103830456733704e-11,strategy_none,9.815108865437073e-09,6.339003622333806e-07
385.0,0.32551682993626974,-14.388622689450273,-14.704786280556092,17940.998521981273,220000.0,17940.998521981273,0.0,0.0,17940.998521981284,1.0913936421275139e-11,strategy_none,9.790414885617894e-09,6.436907771189985e-07
390.0,0.3251584028290217,-14.379625314584978,-14.69900682348032,17867.852593996915,220000.0,17867.852593996915,0.0,0.0,17867.852593996893,-2.1827872842550278e-11,strategy_none,9.746528258937307e-09,6.534373053779358e-07
395.0,0.32480202345704273,-14.370730586253746,-14.693173654417054,17766.57273563502,220000.0,17766.57273563502,0.0,0.0,17766.572735635025,3.637978807091713e-12,strategy_none,9.684037313315677e-09,6.631213426912515e-07
400.0,0.3244482442505403,-14.361960487655583,-14.687289999479862,17638.268590217984,220000.0,17638.268590217984,0.0,0.0,17638.268590218013,2.9103830456733704e-11,strategy_none,9.603767669144502e-09,6.72725110360396e-07
405.0,0.3240975885747267,-14.353335392308669,-14.681359453981177,17484.34588481236,220000.0,17484.34588481236,0.0,0.0,17484.34588481237,1.0913936421275139e-11,strategy_none,9.506767758280164e-09,6.822318781186761e-07
410.0,0.3237505449306695,-14.344873801105463,-14.675385942174604,17306.49102878897,220000.0,17306.49102878897,0.0,0.0,17306.49102878899,2.1827872842550278e-11,strategy_none,9.394290641681914e-09,6.91626168760358e-07
415.0,0.32340756156012335,-14.336592115828589,-14.669373672617636,17106.652637168918,220000.0,17106.652637168918,0.0,0.0,17106.65263716893,1.0913936421275139e-11,strategy_none,9.267772654858495e-09,7.008939414152165e-07
420.0,0.32306904151515936,-14.328504452553947,-14.663327089979665,16887.020181189677,220000.0,16887.020181189677,0.0,0.0,16887.020181189644,-3.2741809263825417e-11,strategy_none,9.1288094874268e-09,7.100227509026433e-07
425.0,0.3227353382472301,-14.320622497172712,-14.657250824170662,16650.000000000004,220000.0,16650.000000000004,0.0,0.0,16649.999999999985,-1.8189894035458565e-11,strategy_none,8.979130353919678e-09,7.19001881256563e-07
430.0,0.32240675176351224,-14.31295540404168,-14.651149637691441,16398.18893630466,220000.0,16398.18893630466,0.0,0.0,16398.188936304654,-7.275957614183426e-12,strategy_none,8.820570936077829e-09,7.278224521926408e-07
435.0,0.3220835253910833,-14.305509737569936,-14.645028372106909,16134.34588481236,220000.0,16134.34588481236,0.0,0.0,16134.345884812377,1.8189894035458565e-11,strategy_none,8.655045772287077e-09,7.364774979649278e-07
440.0,0.3217658431818367,-14.29828945541495,-14.638891894520183,15861.36156520795,220000.0,15861.36156520795,0.0,0.0,15861.361565207919,-3.092281986027956e-11,strategy_none,8.484520739100334e-09,7.449620187040282e-07
445.0,0.3214538279831544,-14.291295930934464,-14.632745044879751,15582.226850822668,220000.0,15582.226850822668,0.0,0.0,15582.226850822673,5.4569682106375694e-12,strategy_none,8.310986215758629e-09,7.532730049197868e-07
450.0,0.32114754019135616,-14.284528011657386,-14.626592584886593,15300.0,220000.0,15300.0,0.0,0.0,15300.000000000011,1.0913936421275139e-11,strategy_none,8.136431449224993e-09,7.614094363690118e-07
455.0,0.32084697719695077,-14.277982109825626,-14.62043914918669,15017.773149177334,220000.0,15017.773149177334,0.0,0.0,15017.773149177337,3.637978807091713e-12,strategy_none,7.962820549224379e-09,7.693722569182362e-07
460.0,0.3205520735228306,-14.271652320538882,-14.61428919944044,14738.638434792048,220000.0,14738.638434792048,0.0,0.0,14738.638434792065,1.6370904631912708e-11,strategy_none,7.792070445372617e-09,7.771643273636088e-07
465.0,0.32026270164887677,-14.265530562717007,-14.608146981758177,14465.654115187643,220000.0,14465.654115187643,0.0,0.0,14465.654115187606,-3.637978807091713e-11,strategy_none,7.62603103708085e-09,7.847903584006896e-07
470.0,0.31997867350905973,-14.259606737981196,-14.60201648788464,14201.811063695339,220000.0,14201.811063695339,0.0,0.0,14201.811063695373,3.456079866737127e-11,strategy_none,7.466467666752394e-09,7.92256826067442e-07
475.0,0.319699742640102,-14.253868902639182,-14.59590142040889,13949.999999999998,220000.0,13949.999999999998,0.0,0.0,13949.999999999998,0.0,strategy_none,7.315045952591422e-09,7.995718720200335e-07
480.0,0.3194256069541749,-14.248303448225627,-14.589805162173795,13712.979818810323,220000.0,13712.979818810323,0.0,0.0,13712.979818810287,-3.637978807091713e-11,strategy_none,7.17331893313515e-09,8.067451909531686e-07
485.0,0.31915591210197597,-14.242895286474925,-14.583730749964511,13493.347362831086,220000.0,13493.347362831086,0.0,0.0,13493.347362831082,-3.637978807091713e-12,strategy_none,7.0427164044973135e-09,8.137879073576659e-07
490.0,0.31889025538691096,-14.237628035161311,-14.5776808524711,13293.508971211037,220000.0,13293.508971211037,0.0,0.0,13293.508971211044,7.275957614183426e-12,strategy_none,6.92453627535278e-09,8.207124436330187e-07
495.0,0.31862819018601163,-14.232484201898066,-14.571657752449301,13115.654115187643,220000.0,13115.654115187643,0.0,0.0,13115.654115187679,3.637978807091713e-11,strategy_none,6.819937724916799e-09,8.275323813579355e-07
500.0,0.3183692308286706,-14.227445363707686,-14.565663332946922,12961.731409782018,220000.0,12961.731409782018,0.0,0.0,12961.731409782036,1.8189894035458565e-11,strategy_none,6.729935925599922e-09,8.342623172835355e-07
505.0,0.3181128578802744,-14.222492340921312,-14.559699067422498,12833.427264364978,220000.0,12833.427264364978,0.0,0.0,12833.427264364936,-4.18367562815547e-11,strategy_none,6.655398083806557e-09,8.409177153673421e-07
510.0,0.3178585237743707,-14.217605364701074,-14.553766013557748,12732.147406003085,220000.0,12732.147406003085,0.0,0.0,12732.147406003114,2.9103830456733704e-11,strategy_none,6.597040557958098e-09,8.475147559253002e-07
515.0,0.3176056587341072,-14.212764238168251,-14.54786481055564,12659.001478018725,220000.0,12659.001478018725,0.0,0.0,12659.001478018768,4.3655745685100555e-11,strategy_none,6.555426830285159e-09,8.540701827555853e-07
520.0,0.31735367692132865,-14.207948491730466,-14.541995679720026,12614.790882505662,220000.0,12614.790882505662,0.0,0.0,12614.79088250568,1.8189894035458565e-11,strategy_none,6.530966136052902e-09,8.606011488916382e-07
525.0,0.3171019827499022,-14.203137533704721,-14.536158428129172,12600.0,220000.0,12600.0,0.0,0.0,12599.999999999975,-2.546585164964199e-11,strategy_none,6.523912588465252e-09,8.671250614801034e-07
530.0,0.31684997729855574,-14.198310797706805,-14.530352455241497,12614.79088250566,220000.0,12614.79088250566,0.0,0.0,12614.79088250565,-1.0913936421275139e-11,strategy_none,6.534364677520819e-09,8.736594261576242e-07
535.0,0.3165970647577528,-14.193447888504846,-14.524576762304832,12659.001478018725,220000.0,12659.001478018725,0.0,0.0,12659.00147801876,3.456079866737127e-11,strategy_none,6.56226506480132e-09,8.802216912224255e-07
540.0,0.3163426588448829,-14.18852872810561,-14.518829964477218,12732.147406003085,220000.0,12732.147406003085,0.0,0.0,12732.147406003043,-4.18367562815547e-11,strategy_none,6.6074006420754885e-09,8.86829091864501e-07
545.0,0.3160861891223203,-14.18353370375348,-14.513110305604696,12833.427264364977,220000.0,12833.427264364977,0.0,0.0,12833.427264364987,1.0913936421275139e-11,strategy_none,6.669402868412674e-09,8.934984947329136e-07
550.0,0.31582710715369033,-14.178443819278415,-14.507415675636295,12961.731409782016,220000.0,12961.731409782016,0.0,0.0,12961.731409781969,-4.729372449219227e-11,strategy_none,6.747748447018652e-09,9.002462431799323e-07
555.0,0.3155648924349882,-14.173240850841713,-14.501743630685597,13115.65411518764,220000.0,13115.65411518764,0.0,0.0,13115.654115187599,-4.18367562815547e-11,strategy_none,6.841760447975226e-09,9.070880036279075e-07
560.0,0.31529905803902014,-14.167907507615146,-14.496091415769035,13293.508971211033,220000.0,13293.508971211033,0.0,0.0,13293.508971211038,5.4569682106375694e-12,strategy_none,6.950610025025282e-09,9.140386136529327e-07
565.0,0.315029155913988,-14.162427597314005,-14.49045599026112,13493.34736283108,220000.0,13493.34736283108,0.0,0.0,13493.347362831084,3.637978807091713e-12,strategy_none,7.07331891179623e-09,9.21111932564729e-07
570.0,0.31475478177991945,-14.156786195816641,-14.484834056104328,13712.979818810321,220000.0,13712.979818810321,0.0,0.0,13712.979818810318,-3.637978807091713e-12,strategy_none,7.208762913403725e-09,9.283206954781327e-07
575.0,0.3144755795700642,-14.150969819375499,-14.479222088795224,13949.999999999996,220000.0,13949.999999999996,0.0,0.0,13949.999999999978,-1.8189894035458565e-11,strategy_none,7.355676631055105e-09,9.356763721091878e-07
580.0,0.31419124536833076,-14.144966597193031,-14.473616371137997,14201.811063695337,220000.0,14201.811063695337,0.0,0.0,14201.811063695328,-9.094947017729282e-12,strategy_none,7.512659667861242e-09,9.43189031777049e-07
585.0,0.3139015307983312,-14.13876644143754,-14.468013029712264,14465.654115187639,220000.0,14465.654115187639,0.0,0.0,14465.654115187654,1.4551915228366852e-11,strategy_none,7.678184561496874e-09,9.508672163385459e-07
590.0,0.31360624582462543,-14.132361211145724,-14.462408073944667,14738.63843479205,220000.0,14738.63843479205,0.0,0.0,14738.638434792068,1.8189894035458565e-11,strategy_none,7.850606671948721e-09,9.587178230104945e-07
595.0,0.3133052609322963,-14.125744865935854,-14.456797437605106,15017.773149177332,220000.0,15017.773149177332,0.0,0.0,15017.773149177348,1.6370904631912708e-11,strategy_none,8.028176219267467e-09,9.66745999229762e-07
600.0,0.3129985086570276,-14.11891360506972,-14.451177022470869,15299.999999999998,220000.0,15299.999999999998,0.0,0.0,15300.000000000004,5.4569682106375694e-12,strategy_none,8.209052616706922e-09,9.74955051846469e-07
605.0,0.31268598444435997,-14.111865987180044,-14.445542743818294,15582.226850822664,220000.0,15582.226850822664,0.0,0.0,15582.226850822648,-1.6370904631912708e-11,strategy_none,8.39132117952014e-09,9.83346373025989e-07
610.0,0.31236774682372936,-14.104603025943357,-14.439890577315337,15861.361565207952,220000.0,15861.361565207952,0.0,0.0,15861.36156520798,2.9103830456733704e-11,strategy_none,8.573012210623217e-09,9.919193852366122e-07
615.0,0.312043916890189,-14.097128257140099,-14.43421660680337,16134.345884812357,220000.0,16134.345884812357,0.0,0.0,16134.345884812372,1.4551915228366852e-11,strategy_none,8.752122373960299e-09,1.0006715076105726e-06
620.0,0.3117146770943151,-14.089447772908727,-14.428517072376518,16398.18893630466,220000.0,16398.18893630466,0.0,0.0,16398.18893630466,0.0,strategy_none,8.926638168266038e-09,1.0095981457788385e-06
625.0,0.3113802693486179,-14.081570219565089,-14.422788418095942,16650.0,220000.0,16650.0,0.0,0.0,16649.999999999985,-1.4551915228366852e-11,strategy_none,9.094561212353134e-09,1.0186927069911917e-06
630.0,0.31104099246672734,-14.073506756109293,-14.417027338618306,16887.020181189677,220000.0,16887.020181189677,0.0,0.0,16887.02018118966,-1.8189894035458565e-11,strategy_none,9.253934952964289e-09,1.027946641944156e-06
635.0,0.3106971989595965,-14.065270971457892,-14.411230823975934,17106.652637168914,220000.0,17106.652637168914,0.0,0.0,17106.65263716889,-2.546585164964199e-11,strategy_none,9.402872312837192e-09,1.037349514256993e-06
640.0,0.31034929122084776,-14.056878759489232,-14.405396201723512,17306.49102878896,220000.0,17306.49102878896,0.0,0.0,17306.491028788965,3.637978807091713e-12,strategy_none,9.53958371518349e-09,1.0468890979721766e-06
645.0,0.30999771714105645,-14.048348152137144,-14.399521175665125,17484.345884812356,220000.0,17484.345884812356,0.0,0.0,17484.345884812366,1.0913936421275139e-11,strategy_none,9.662404856229133e-09,1.0565515028284057e-06
650.0,0.309642965198097,-14.039699111969778,-14.393603860397288,17638.26859021798,220000.0,17638.26859021798,0.0,0.0,17638.26859021802,4.001776687800884e-11,strategy_none,9.769823554153785e-09,1.0663213263825594e-06
655.0,0.30928555907753724,-14.030953286899532,-14.387642810949059,17766.57273563502,220000.0,17766.57273563502,0.0,0.0,17766.57273563504,1.8189894035458565e-11,strategy_none,9.860504984153282e-09,1.0761818313667128e-06
660.0,0.3089260518833351,-14.022133730838295,-14.381637046868951,17867.85259399691,220000.0,17867.85259399691,0.0,0.0,17867.852593996908,-3.637978807091713e-12,strategy_none,9.933314617742104e-09,1.0861151459844548e-06
665.0,0.30856502000464064,-14.013264595191483,-14.375586070198842,17940.998521981273,220000.0,17940.998521981273,0.0,0.0,17940.998521981295,2.1827872842550278e-11,strategy_none,9.987338220776648e-09,1.0961024842052315e-06
670.0,0.30820305670923404,-14.004370797029539,-14.36948987688517,17985.209117494338,220000.0,17985.209117494338,0.0,0.0,17985.209117494327,-1.0913936421275139e-11,strategy_none,1.0021898328533755e-08,1.1061243825337652e-06
675.0,0.3078407655379308,-13.99547767054645,-14.363348961304322,18000.0,220000.0,18000.0,0.0,0.0,18000.000000000025,2.546585164964199e-11,strategy_none,1.0036566705550622e-08,1.116160949239316e-06
680.0,0.3074787535770851,-13.986610608978237,-14.357164313718341,17985.209117494338,220000.0,17985.209117494338,0.0,0.0,17985.209117494323,-1.4551915228366852e-11,strategy_none,1.003117240942786e-08,1.1261921216487438e-06
685.0,0.3071176246880574,-13.9777947044859,-14.350937410624585,17940.998521981277,220000.0,17940.998521981277,0.0,0.0,17940.998521981302,2.546585164964199e-11,strategy_none,1.0005805206770918e-08,1.1361979268555148e-06
690.0,0.3067579727731491,-13.969054393592309,-14.34467019811382,17867.85259399691,220000.0,17867.85259399691,0.0,0.0,17867.85259399693,1.8189894035458565e-11,strategy_none,9.960814230210068e-09,1.146158741085725e-06
695.0,0.30640037515702434,-13.960413115597236,-14.338365068500547,17766.57273563502,220000.0,17766.57273563502,0.0,0.0,17766.57273563502,0.0,strategy_none,9.896801911620499e-09,1.1560555429973454e-06
700.0,0.30604538616105664,-13.951892990986044,-14.332024830632085,17638.268590217984,220000.0,17638.268590217984,0.0,0.0,17638.268590217966,-1.8189894035458565e-11,strategy_none,9.814613371524995e-09,1.1658701563688704e-06
705.0,0.30569353094537677,-13.943514526212969,-14.325652674414314,17484.34588481236,220000.0,17484.34588481236,0.0,0.0,17484.345884812363,3.637978807091713e-12,strategy_none,9.715321581530658e-09,1.175585477950401e-06
710.0,0.305345299689728,-13.935296350406512,-14.319252130207945,17306.49102878897,220000.0,17306.49102878897,0.0,0.0,17306.491028788958,-1.0913936421275139e-11,strategy_none,9.600208739280617e-09,1.1851856866896816e-06
715.0,0.3050011421796183,-13.927254988547507,-14.312827023845744,17106.652637168914,220000.0,17106.652637168914,0.0,0.0,17106.65263716889,-2.546585164964199e-11,strategy_none,9.470744398361817e-09,1.1946564310880434e-06
720.0,0.3046614628588007,-13.919404674551533,-14.306381428095852,16887.020181189677,220000.0,16887.020181189677,0.0,0.0,16887.0201811897,2.1827872842550278e-11,strategy_none,9.328560974574242e-09,1.2039849920626176e-06
725.0,0.30432661640291453,-13.911757206492755,-14.299919611446894,16650.000000000004,220000.0,16650.000000000004,0.0,0.0,16649.99999999998,-2.1827872842550278e-11,strategy_none,9.175427301970195e-09,1.2131604193645877e-06
730.0,0.30399690386230355,-13.904321844984077,-14.293445985116199,16398.188936304658,220000.0,16398.188936304658,0.0,0.0,16398.188936304625,-3.2741809263825417e-11,strategy_none,9.013220935639337e-09,1.222173640300227e-06
735.0,0.3036725694147147,-13.897105254526961,-14.28696504918308,16134.34588481236,220000.0,16134.34588481236,0.0,0.0,16134.345884812323,-3.637978807091713e-11,strategy_none,8.843899893418573e-09,1.2310175401936455e-06
740.0,0.30335379776090693,-13.890111486509142,-14.280481338725671,15861.361565207955,220000.0,15861.361565207955,0.0,0.0,15861.361565207957,1.8189894035458565e-12,strategy_none,8.669474497115504e-09,1.239687014690761e-06
745.0,0.3030407121882843,-13.883342001501324,-14.273999370794215,15582.226850822663,220000.0,15582.226850822663,0.0,0.0,15582.22685082268,1.8189894035458565e-11,strategy_none,8.49197991836099e-09,1.248178994609122e-06
750.0,0.30273337331964295,-13.87679572762038,-14.267523592988473,15300.000000000002,220000.0,15300.000000000002,0.0,0.0,15300.000000000022,2.000888343900442e-11,strategy_none,8.313449958886464e-09,1.2564924445680083e-06
755.0,0.3024317785560971,-13.87046915101449,-14.261058334325606,15017.77314917734,220000.0,15017.77314917734,0.0,0.0,15017.773149177343,3.637978807091713e-12,strategy_none,8.135892504724905e-09,1.2646283370727331e-06
760.0,0.3021358622153397,-13.86435643400521,-14.254607758990888,14738.638434792048,220000.0,14738.638434792048,0.0,0.0,14738.638434792061,1.2732925824820995e-11,strategy_none,7.961266993933299e-09,1.2725896040666665e-06
765.0,0.3018454963586906,-13.858449556103016,-14.248175823461454,14465.654115187648,220000.0,14465.654115187648,0.0,0.0,14465.654115187628,-2.000888343900442e-11,strategy_none,7.791464133458269e-09,1.2803810682001247e-06
770.0,0.3015604922929763,-13.852738472998764,-14.241766237386855,14201.811063695335,220000.0,14201.811063695335,0.0,0.0,14201.811063695308,-2.7284841053187847e-11,strategy_none,7.628287998068685e-09,1.2880093561981933e-06
775.0,0.3012806027262428,-13.847211288716391,-14.235382428503907,13950.000000000002,220000.0,13950.000000000002,0.0,0.0,13949.999999999998,-3.637978807091713e-12,strategy_none,7.473440547718913e-09,1.2954827967459122e-06
780.0,0.30100552454968277,-13.841854436377298,-14.229027511760913,13712.979818810323,220000.0,13712.979818810323,0.0,0.0,13712.979818810298,-2.546585164964199e-11,strategy_none,7.328508513400825e-09,1.302811305259313e-06
785.0,0.30073490221201143,-13.83665286345188,-14.222704262731575,13493.347362831084,220000.0,13493.347362831084,0.0,0.0,13493.347362831053,-3.092281986027956e-11,strategy_none,7.1949525286693544e-09,1.3100062577879824e-06
790.0,0.3004683316468817,-13.831590217930454,-14.216415095314634,13293.508971211035,220000.0,13293.508971211035,0.0,0.0,13293.508971211033,-1.8189894035458565e-12,strategy_none,7.074098326705395e-09,1.3170803561146878e-06
795.0,0.3002053647088185,-13.826649032501866,-14.210162043644003,13115.654115187644,220000.0,13115.654115187644,0.0,0.0,13115.654115187654,9.094947017729282e-12,strategy_none,6.96712978206423e-09,1.324047485896752e-06
800.0,0.2999455140685839,-13.82181090454732,-14.203946748077605,12961.731409782014,220000.0,12961.731409782014,0.0,0.0,12961.731409782034,2.000888343900442e-11,strategy_none,6.875083552158078e-09,1.3309225694489102e-06
805.0,0.2996882585148715,-13.817056670502696,-14.19777044509212,12833.427264364978,220000.0,12833.427264364978,0.0,0.0,12833.427264364944,-3.456079866737127e-11,strategy_none,6.7988450651734765e-09,1.3377214145140837e-06
810.0,0.2994330486057696,-13.812366573877428,-14.191633960885689,12732.147406003085,220000.0,12732.147406003085,0.0,0.0,12732.147406003081,-3.637978807091713e-12,strategy_none,6.739145606955227e-09,1.344460560121039e-06
815.0,0.2991793126105236,-13.807720426906648,-14.185537708480734,12659.001478018725,220000.0,12659.001478018725,0.0,0.0,12659.001478018714,-1.0913936421275139e-11,strategy_none,6.69656027736836e-09,1.3511571203984074e-06
820.0,0.2989264626797704,-13.803097766423402,-14.179481688123103,12614.790882505662,220000.0,12614.790882505662,0.0,0.0,12614.79088250563,-3.2741809263825417e-11,strategy_none,6.671506614529352e-09,1.3578286270129369e-06
825.0,0.2986739011805914,-13.79847800504093,-14.173465490789935,12600.0,220000.0,12600.0,0.0,0.0,12599.999999999975,-2.546585164964199e-11,strategy_none,6.664243720825807e-09,1.3644928707337626e-06
830.0,0.2984210271314449,-13.793840579108695,-14.167488304644552,12614.79088250566,220000.0,12614.79088250566,0.0,0.0,12614.790882505677,1.6370904631912708e-11,strategy_none,6.67487176575223e-09,1.3711677424995148e-06
835.0,0.2981672426712717,-13.789165095133043,-14.16154892430949,12659.001478018723,220000.0,12659.001478018723,0.0,0.0,12659.001478018765,4.18367562815547e-11,strategy_none,6.703331785468399e-09,1.3778710742849832e-06
840.0,0.29791195949682475,-13.784431476424311,-14.15564576286539,12732.147406003085,220000.0,12732.147406003085,0.0,0.0,12732.14740600307,-1.4551915228366852e-11,strategy_none,6.749405746111703e-09,1.384620480031095e-06
845.0,0.29765460520254805,-13.779620111643753,-14.149776866520764,12833.427264364977,220000.0,12833.427264364977,0.0,0.0,12833.427264364982,5.4569682106375694e-12,strategy_none,6.812716885949169e-09,1.391433196917044e-06
850.0,0.29739462945811984,-13.77471200668035,-14.143939931932264,12961.731409782013,220000.0,12961.731409782013,0.0,0.0,12961.731409781984,-2.9103830456733704e-11,strategy_none,6.892730399205148e-09,1.3983259273162492e-06
855.0,0.297131509960086,-13.769688940900464,-14.138132326184193,13115.654115187643,220000.0,13115.654115187643,0.0,0.0,13115.654115187646,3.637978807091713e-12,strategy_none,6.988754570558732e-09,1.405314681886808e-06
860.0,0.29686475809584145,-13.764533628300576,-14.1323511094566,13293.508971211033,220000.0,13293.508971211033,0.0,0.0,13293.508971211078,4.547473508864641e-11,strategy_none,7.099942512376799e-09,1.4124146243991847e-06
865.0,0.29659392426057585,-13.759229883478802,-14.126593060421323,13493.347362831088,220000.0,13493.347362831088,0.0,0.0,13493.34736283106,-2.7284841053187847e-11,strategy_none,7.2252946949881745e-09,1.419639919094173e-06
870.0,0.2963186027706944,-13.753762791653557,-14.120854704402749,13712.979818810321,220000.0,13712.979818810321,0.0,0.0,13712.97981881033,9.094947017729282e-12,strategy_none,7.363662491670996e-09,1.4270035815858438e-06
875.0,0.29603843632065097,-13.748118881230765,-14.115132344323865,13949.999999999998,220000.0,13949.999999999998,0.0,0.0,13950.000000000033,3.456079866737127e-11,strategy_none,7.513752982293662e-09,1.4345173345681374e-06
880.0,0.2957531199341019,-13.742286296690034,-14.109422094427721,14201.81106369534,220000.0,14201.81106369534,0.0,0.0,14201.811063695317,-2.3646862246096134e-11,strategy_none,7.674135270448324e-09,1.4421914698385857e-06
885.0,0.295462404364796,-13.736254968862513,-14.103719916720074,14465.654115187644,220000.0,14465.654115187644,0.0,0.0,14465.654115187619,-2.546585164964199e-11,strategy_none,7.843248566322054e-09,1.4500347184049078e-06
890.0,0.29516609890765605,-13.73001677904552,-14.098021660021596,14738.638434792043,220000.0,14738.638434792043,0.0,0.0,14738.638434792016,-2.7284841053187847e-11,strategy_none,8.019412269748036e-09,1.458054130674656e-06
895.0,0.29486407358606975,-13.723565712876768,-14.092323101449402,15017.773149177332,220000.0,15017.773149177332,0.0,0.0,15017.77314917731,-2.1827872842550278e-11,strategy_none,8.20083825375389e-09,1.46625496892841e-06
900.0,0.29455626068746343,-13.716897999505822,-14.086619990070016,15299.999999999998,220000.0,15299.999999999998,0.0,0.0,15299.999999999973,-2.546585164964199e-11,strategy_none,8.385645498175509e-09,1.4746406144265855e-06
905.0,0.29424265562576224,-13.71001223137945,-14.080908092382288,15582.226850822653,220000.0,15582.226850822653,0.0,0.0,15582.226850822688,3.456079866737127e-11,strategy_none,8.571877156184749e-09,1.4832124915827702e-06
910.0,0.2939233171162886,-13.702909459921393,-14.075183239202579,15861.361565207952,220000.0,15861.361565207952,0.0,0.0,15861.361565207959,7.275957614183426e-12,strategy_none,8.757520055558515e-09,1.4919700116383287e-06
915.0,0.2935983666559743,-13.695593262549195,-14.069441373439476,16134.345884812352,220000.0,16134.345884812352,0.0,0.0,16134.345884812377,2.546585164964199e-11,strategy_none,8.940526543895386e-09,1.5009105381822241e-06
920.0,0.29326798730938486,-13.688069776836155,-14.063678598165335,16398.188936304665,220000.0,16398.188936304665,0.0,0.0,16398.188936304643,-2.1827872842550278e-11,strategy_none,9.118838486401505e-09,1.5100293766686256e-06
925.0,0.29293242180890194,-13.680347698191305,-14.057891224321079,16649.999999999996,220000.0,16649.999999999996,0.0,0.0,16650.000000000004,7.275957614183426e-12,strategy_none,9.290413120770972e-09,1.5193197897893965e-06
930.0,0.2925919699853842,-13.672438238181527,-14.052075817332629,16887.020181189677,220000.0,16887.020181189677,0.0,0.0,16887.0201811897,2.1827872842550278e-11,strategy_none,9.453250371096993e-09,1.5287730401604934e-06
935.0,0.2922469855536277,-13.664355041535796,-14.046229241875572,17106.652637168914,220000.0,17106.652637168914,0.0,0.0,17106.652637168885,-2.9103830456733704e-11,strategy_none,9.605421127030068e-09,1.5383784612875235e-06
940.0,0.2918978722848539,-13.65611406092179,-14.040348704002163,17306.491028788965,220000.0,17306.491028788965,0.0,0.0,17306.491028788932,-3.2741809263825417e-11,strategy_none,9.745095910912338e-09,1.5481235571984357e-06
945.0,0.29154507960615134,-13.647733389732691,-14.03443178984371,17484.345884812352,220000.0,17484.345884812352,0.0,0.0,17484.345884812374,2.1827872842550278e-11,strategy_none,9.870573289447846e-09,1.5579941304878836e-06
950.0,0.2911890976741488,-13.639233054323757,-14.028476500123357,17638.268590217984,220000.0,17638.268590217984,0.0,0.0,17638.26859021796,-2.546585164964199e-11,strategy_none,9.980307342066721e-09,1.5679744378299504e-06
955.0,0.2908304519770866,-13.630634768347743,-14.02248127975977,17766.57273563502,220000.0,17766.57273563502,0.0,0.0,17766.572735634993,-2.9103830456733704e-11,strategy_none,1.0072933479049678e-08,1.5780473713090001e-06
960.0,0.2904696975257378,-13.621961653006629,-14.01644504191092,17867.85259399691,220000.0,17867.85259399691,0.0,0.0,17867.85259399694,2.9103830456733704e-11,strategy_none,1.0147291911059208e-08,1.5881946632200593e-06
965.0,0.2901074126992044,-13.613237928116716,-14.010367185897735,17940.998521981273,220000.0,17940.998521981273,0.0,0.0,17940.998521981273,0.0,strategy_none,1.0202448108972191e-08,1.5983971113290315e-06
970.0,0.28974419281635494,-13.60448857982958,-14.004247608557566,17985.209117494338,220000.0,17985.209117494338,0.0,0.0,17985.209117494294,-4.3655745685100555e-11,strategy_none,1.023770965832038e-08,1.6086348209873518e-06
975.0,0.289380643507486,-13.595739011622532,-13.998086708704085,18000.0,220000.0,18000.0,0.0,0.0,18000.000000000025,2.546585164964199e-11,strategy_none,1.0252639004204152e-08,1.618887459991556e-06
980.0,0.28901737396360133,-13.587014685735971,-13.991885384509578,17985.209117494338,220000.0,17985.209117494338,0.0,0.0,17985.209117494294,-4.3655745685100555e-11,strategy_none,1.0247061696774911e-08,1.629134521688331e-06
985.0,0.28865499014244406,-13.578340762566791,-13.985645023773166,17940.998521981277,220000.0,17940.998521981277,0.0,0.0,17940.998521981288,1.0913936421275139e-11,strategy_none,1.0221069879511398e-08,1.6393555915678423e-06
990.0,0.2882940880110577,-13.569741745612355,-13.979367487189457,17867.852593996915,220000.0,17867.852593996915,0.0,0.0,17867.852593996915,0.0,strategy_none,1.017502090672391e-08,1.6495306124745662e-06
995.0,0.2879352469041712,-13.56124113939445,-13.973055084881514,17766.57273563502,220000.0,17766.57273563502,0.0,0.0,17766.572735634996,-2.546585164964199e-11,strategy_none,1.0109531126472567e-08,1.6596401436010387e-06
1000.0,0.28757902307611377,-13.552861127384238,-13.966710546604885,17638.26859021799,220000.0,17638.26859021799,0.0,0.0,17638.268590217987,-3.637978807091713e-12,strategy_none,1.0025465013475774e-08,1.6696656086145144e-06
1005.0,0.2872259435213002,-13.544622276314715,-13.960336986160936,17484.345884812356,220000.0,17484.345884812356,0.0,0.0,17484.345884812352,-3.637978807091713e-12,strategy_none,9.92391997677639e-09,1.6795895285912907e-06
1010.0,0.2868765001346427,-13.536543272433958,-13.953937860673715,17306.49102878897,220000.0,17306.49102878897,0.0,0.0,17306.491028788943,-2.546585164964199e-11,strategy_none,9.806207292528208e-09,1.689395735883819e-06
1015.0,0.2865311442786166,-13.528640694255365,-13.947516925481363,17106.65263716891,220000.0,17106.65263716891,0.0,0.0,17106.65263716893,1.8189894035458565e-11,strategy_none,9.673829717692836e-09,1.6990695656015118e-06
1020.0,0.28619028181823014,-13.520928825242217,-13.941078185467799,16887.020181189677,220000.0,16887.020181189677,0.0,0.0,16887.020181189728,5.093170329928398e-11,strategy_none,9.528456421274006e-09,1.7085980220227857e-06
1025.0,0.2858542686789302,-13.513419508668974,-13.934625843711109,16650.0,220000.0,16650.0,0.0,0.0,16650.000000000022,2.1827872842550278e-11,strategy_none,9.371895922918678e-09,1.7179699179457044e-06
1030.0,0.2855234069756345,-13.506122045679323,-13.928164248350798,16398.18893630466,220000.0,16398.18893630466,0.0,0.0,16398.18893630467,7.275957614183426e-12,strategy_none,9.206067752775222e-09,1.7271759856984797e-06
1035.0,0.2851979417537467,-13.49904313635896,-13.921697838576723,16134.345884812365,220000.0,16134.345884812365,0.0,0.0,16134.345884812397,3.2741809263825417e-11,strategy_none,9.032973541496843e-09,1.7362089592399765e-06
1040.0,0.2848780583753069,-13.492186862505484,-13.9152310906192,15861.361565207955,220000.0,15861.361565207955,0.0,0.0,15861.361565207948,-7.275957614183426e-12,strategy_none,8.854668216821135e-09,1.7450636274567976e-06
1045.0,0.28456388057548904,-13.485554709750033,-13.908768464574205,15582.226850822668,220000.0,15582.226850822668,0.0,0.0,15582.226850822713,4.547473508864641e-11,strategy_none,8.673231926231618e-09,1.7537368593830292e-06
1050.0,0.2842554692066026,-13.479145625800996,-13.902314352832454,15300.000000000002,220000.0,15300.000000000002,0.0,0.0,15300.000000000042,4.001776687800884e-11,strategy_none,8.4907432279518e-09,1.762227602610981e-06
1055.0,0.2839528216787042,-13.47295611086738,-13.895873030799764,15017.773149177347,220000.0,15017.773149177347,0.0,0.0,15017.773149177376,2.9103830456733704e-11,strategy_none,8.309253999932658e-09,1.7705368566109137e-06
1060.0,0.28365587209798543,-13.466980335798075,-13.889448610502274,14738.638434792048,220000.0,14738.638434792048,0.0,0.0,14738.638434792048,0.0,strategy_none,8.13076641406958e-09,1.7786676230249832e-06
1065.0,0.28336449209637343,-13.46121028315408,-13.883044997567792,14465.654115187648,220000.0,14465.654115187648,0.0,0.0,14465.654115187685,3.637978807091713e-11,strategy_none,7.957212216303566e-09,1.7866248352412868e-06
1070.0,0.28307849233834553,-13.455635906315743,-13.876665851968209,14201.811063695335,220000.0,14201.811063695335,0.0,0.0,14201.81106369528,-5.4569682106375694e-11,strategy_none,7.790434447999387e-09,1.7944152696892861e-06
1075.0,0.2827976246838891,-13.450245301809224,-13.870314552801535,13950.000000000002,220000.0,13950.000000000002,0.0,0.0,13949.999999999996,-5.4569682106375694e-12,strategy_none,7.632171645040876e-09,1.802047441334327e-06
1080.0,0.2825215849798952,-13.445024890300589,-13.863994167289686,13712.979818810323,220000.0,13712.979818810323,0.0,0.0,13712.979818810361,3.8198777474462986e-11,strategy_none,7.484044462648794e-09,1.8095314857969758e-06
1085.0,0.28225001644610437,-13.43995960213036,-13.857707424073318,13493.347362831084,220000.0,13493.347362831084,0.0,0.0,13493.347362831097,1.2732925824820995e-11,strategy_none,7.347544599275691e-09,1.8168790303962514e-06
1090.0,0.281982513616058,-13.435033063817325,-13.85145669080064,13293.508971211035,220000.0,13293.508971211035,0.0,0.0,13293.508971211031,-3.637978807091713e-12,strategy_none,7.224025834229159e-09,1.8241030562304805e-06
1095.0,0.28171862678837983,-13.430227782615859,-13.845243955935816,13115.654115187646,220000.0,13115.654115187646,0.0,0.0,13115.654115187666,2.000888343900442e-11,strategy_none,7.114696951998094e-09,1.8312177531824787e-06
1100.0,0.2814578669391274,-13.425525326929742,-13.83907081465585,12961.731409782014,220000.0,12961.731409782014,0.0,0.0,12961.731409782047,3.2741809263825417e-11,strategy_none,7.020616301620684e-09,1.8382383694840994e-06
1105.0,0.2811997110419238,-13.420906501130657,-13.832938458663804,12833.427264364978,220000.0,12833.427264364978,0.0,0.0,12833.42726436502,4.18367562815547e-11,strategy_none,6.942687730943247e-09,1.8451810572150427e-06
1110.0,0.2809436077391108,-13.416351514064011,-13.826847669720866,12732.147406003087,220000.0,12732.147406003087,0.0,0.0,12732.147406003032,-5.4569682106375694e-11,strategy_none,6.881657641665047e-09,1.8520627148567078e-06
1115.0,0.28068898330424397,-13.411840141213059,-13.820798816689821,12659.001478018725,220000.0,12659.001478018725,0.0,0.0,12659.001478018732,7.275957614183426e-12,strategy_none,6.838112929566438e-09,1.8589008277862743e-06
1120.0,0.2804352478338829,-13.407351881102159,-13.814791855886384,12614.790882505662,220000.0,12614.790882505662,0.0,0.0,12614.790882505675,1.2732925824820995e-11,strategy_none,6.812479602960885e-09,1.8657133073892352e-06
1125.0,0.28018180160480055,-13.402866107023115,-13.808826334550908,12600.0,220000.0,12600.0,0.0,0.0,12600.00000000001,9.094947017729282e-12,strategy_none,6.805021908902192e-09,1.8725183292981373e-06
1130.0,0.2799280415314415,-13.398362215542132,-13.802901397278811,12614.79088250566,220000.0,12614.79088250566,0.0,0.0,12614.79088250567,9.094947017729282e-12,strategy_none,6.815841838876115e-09,1.8793341711370134e-06
1135.0,0.27967336765769313,-13.393819773472202,-13.79701579528067,12659.001478018723,220000.0,12659.001478018723,0.0,0.0,12659.001478018747,2.3646862246096134e-11,strategy_none,6.844878931775256e-09,1.8861790500687887e-06
1140.0,0.2794171896167878,-13.389218665066732,-13.79116789837951,12732.147406003085,220000.0,12732.147406003085,0.0,0.0,12732.147406003123,3.8198777474462986e-11,strategy_none,6.8919103403200224e-09,1.8930709604091087e-06
1145.0,0.27915893299343103,-13.384539241101985,-13.785355709689924,12833.427264364977,220000.0,12833.427264364977,0.0,0.0,12833.427264364922,-5.4569682106375694e-11,strategy_none,6.956551176404614e-09,1.9000275115855134e-06
1150.0,0.27889804552304354,-13.379762471272786,-13.77957688295821,12961.73140978201,220000.0,12961.73140978201,0.0,0.0,12961.731409782022,1.0913936421275139e-11,strategy_none,7.038255199850499e-09,1.907065766785364e-06
1155.0,0.27863400306432023,-13.374870100939141,-13.773828742571684,13115.654115187643,220000.0,13115.654115187643,0.0,0.0,13115.654115187654,1.0913936421275139e-11,strategy_none,7.13631596241428e-09,1.914202082747778e-06
1160.0,0.2783663152831487,-13.369844812749012,-13.768108306265875,13293.508971211033,220000.0,13293.508971211033,0.0,0.0,13293.508971211028,-5.4569682106375694e-12,strategy_none,7.2498685631046286e-09,1.9214519513108827e-06
1165.0,0.27809453098829645,-13.36467039304828,-13.762412310568205,13493.347362831088,220000.0,13493.347362831088,0.0,0.0,13493.347362831104,1.6370904631912708e-11,strategy_none,7.377892210105654e-09,1.9288298435209884e-06
1170.0,0.27781824306218,-13.359331902302031,-13.756737239014129,13712.979818810321,220000.0,13712.979818810321,0.0,0.0,13712.979818810329,7.275957614183426e-12,strategy_none,7.519213816807868e-09,1.9363490573377963e-06
1175.0,0.2775370929334693,-13.353815848024666,-13.751079353155387,13949.999999999998,220000.0,13949.999999999998,0.0,0.0,13950.0,1.8189894035458565e-12,strategy_none,7.672512882322691e-09,1.944021570220119e-06
1180.0,0.2772507745422637,-13.348110357985858,-13.745434726349592,14201.811063695339,220000.0,14201.811063695339,0.0,0.0,14201.811063695328,-1.0913936421275139e-11,strategy_none,7.836327918071468e-09,1.9518578981381903e-06
1185.0,0.2769590377530997,-13.34220535076203,-13.739799280275884,14465.654115187634,220000.0,14465.654115187634,0.0,0.0,14465.654115187639,5.4569682106375694e-12,strategy_none,8.009064679430883e-09,1.9598669628176213e-06
1190.0,0.27666169117610734,-13.33609270007591,-13.734168824064046,14738.638434792043,220000.0,14738.638434792043,0.0,0.0,14738.638434792065,2.1827872842550278e-11,strategy_none,8.189006443211222e-09,1.9680559692608325e-06
1195.0,0.2763586043622126,-13.329766388844828,-13.728539095855744,15017.77314917733,220000.0,15017.77314917733,0.0,0.0,15017.773149177307,-2.3646862246096134e-11,strategy_none,8.37432653680967e-09,1.976430295797642e-06
1200.0,0.27604970934436174,-13.323222648473736,-13.72290580653895,15299.999999999998,220000.0,15299.999999999998,0.0,0.0,15299.999999999985,-1.2732925824820995e-11,strategy_none,8.563103272905463e-09,1.9849933990705476e-06
1205.0,0.27573500150329194,-13.31646007870837,-13.71726468531297,15582.226850822653,220000.0,15582.226850822653,0.0,0.0,15582.226850822628,-2.546585164964199e-11,strategy_none,8.753337375214895e-09,1.9937467364457623e-06
1210.0,0.2754145397433478,-13.309479743328257,-13.7116115266553,15861.36156520795,220000.0,15861.36156520795,0.0,0.0,15861.361565207993,4.3655745685100555e-11,strategy_none,8.94297189781962e-09,2.002689708343582e-06
1215.0,0.27508844597118925,-13.302285237121888,-13.7059422381765,16134.345884812352,220000.0,16134.345884812352,0.0,0.0,16134.345884812356,3.637978807091713e-12,strategy_none,9.129914545676009e-09,2.0118196228892577e-06
1220.0,0.27475690387788676,-13.294882719952227,-13.700252888769292,16398.188936304665,220000.0,16398.188936304665,0.0,0.0,16398.18893630465,-1.4551915228366852e-11,strategy_none,9.312062200854445e-09,2.021131685090112e-06
1225.0,0.2744201570327722,-13.287280914286004,-13.694539756387323,16649.999999999996,220000.0,16649.999999999996,0.0,0.0,16649.999999999964,-3.2741809263825417e-11,strategy_none,9.48732735238118e-09,2.0306190124424934e-06
1230.0,0.2740785063054177,-13.279491063311966,-13.6887993747309,16887.020181189673,220000.0,16887.020181189673,0.0,0.0,16887.020181189648,-2.546585164964199e-11,strategy_none,9.653666022433172e-09,2.0402726784649266e-06
1235.0,0.2737323066401393,-13.271526847689575,-13.683028578075385,17106.652637168914,220000.0,17106.652637168914,0.0,0.0,17106.652637168914,0.0,strategy_none,9.809106683536295e-09,2.050081785148463e-06
1240.0,0.2733819632153618,-13.263404260020465,-13.677224543455425,17306.491028788965,220000.0,17306.491028788965,0.0,0.0,17306.491028788965,0.0,strategy_none,9.951779575859233e-09,2.060033564724322e-06
1245.0,0.2730279270278998,-13.255141437282953,-13.671384829417203,17484.345884812352,220000.0,17484.345884812352,0.0,0.0,17484.345884812356,3.637978807091713e-12,strategy_none,1.007994576587085e-08,2.0701135104901928e-06
1250.0,0.27267068994959365,-13.246758452672339,-13.66550741057296,17638.268590217984,220000.0,17638.268590217984,0.0,0.0,17638.268590218027,4.3655745685100555e-11,strategy_none,1.0192025242110778e-08,2.0803055357323037e-06
1255.0,0.27231077931064696,-13.238277069499617,-13.659590707237577,17766.57273563502,220000.0,17766.57273563502,0.0,0.0,17766.572735635003,-1.8189894035458565e-11,strategy_none,1.0286623324233151e-08,2.090592159056537e-06
1260.0,0.2719487520703244,-13.229720460970247,-13.6536336094958,17867.85259399691,220000.0,17867.85259399691,0.0,0.0,17867.852593996933,2.1827872842550278e-11,strategy_none,1.0362554670248974e-08,2.100954713726786e-06
1265.0,0.27158518864125974,-13.221112900744723,-13.647635495139376,17940.998521981273,220000.0,17940.998521981273,0.0,0.0,17940.998521981262,-1.0913936421275139e-11,strategy_none,1.0418864205020932e-08,2.111373577931807e-06
1270.0,0.27122068643838415,-13.21247943012862,-13.641596241023594,17985.209117494338,220000.0,17985.209117494338,0.0,0.0,17985.209117494353,1.4551915228366852e-11,strategy_none,1.045484436005733e-08,2.1218284222918644e-06
1275.0,0.27085585322731537,-13.203845508511492,-13.635516227519599,18000.0,220000.0,18000.0,0.0,0.0,18000.000000000015,1.4551915228366852e-11,strategy_none,1.047004810842221e-08,2.1322984704002867e-06
1280.0,0.2704913003498711,-13.19523665423806,-13.629396335878216,17985.209117494338,220000.0,17985.209117494338,0.0,0.0,17985.20911749435,1.0913936421275139e-11,strategy_none,1.0464297395580054e-08,2.142762767795867e-06
1285.0,0.2701276359061196,-13.18667808342743,-13.623237938468796,17940.998521981277,220000.0,17940.998521981277,0.0,0.0,17940.998521981255,-2.1827872842550278e-11,strategy_none,1.0437686702324937e-08,2.153200454498192e-06
1290.0,0.26976545797302426,-13.178194354341548,-13.617042882007631,17867.852593996915,220000.0,17867.852593996915,0.0,0.0,17867.852593996926,1.0913936421275139e-11,strategy_none,1.0390581623650828e-08,2.1635910361218427e-06
1295.0,0.26940534793925924,-13.169809024739344,-13.610813464040085,17766.57273563502,220000.0,17766.57273563502,0.0,0.0,17766.572735635044,2.1827872842550278e-11,strategy_none,1.0323612500794639e-08,2.1739146486226372e-06
1300.0,0.26904786403417863,-13.161544329244613,-13.60455240308347,17638.26859021799,220000.0,17638.26859021799,0.0,0.0,17638.268590218016,2.546585164964199e-11,strategy_none,1.0237663295661162e-08,2.1841523119182986e-06
1305.0,0.26869353512625,-13.153420883121203,-13.598262802969435,17484.345884812356,220000.0,17484.345884812356,0.0,0.0,17484.34588481232,-3.637978807091713e-11,strategy_none,1.0133856040406657e-08,2.194286167958705e-06
1310.0,0.2683428548625662,-13.145457418015644,-13.591948112040685,17306.49102878897,220000.0,17306.49102878897,0.0,0.0,17306.49102878896,-7.275957614183426e-12,strategy_none,1.0013531323565347e-08,2.2042996992822704e-06
1315.0,0.26799627621640526,-13.137670554230052,-13.585612077953794,17106.65263716892,220000.0,17106.65263716892,0.0,0.0,17106.65263716887,-5.093170329928398e-11,strategy_none,9.878225382041052e-09,2.2141779246643113e-06
1320.0,0.26765420650431326,-13.130074612968807,-13.579258698914668,16887.020181189688,220000.0,16887.020181189688,0.0,0.0,16887.020181189713,2.546585164964199e-11,strategy_none,9.729644451028535e-09,2.22390756911534e-06
1325.0,0.26731700292794464,-13.122681470807132,-13.572892172224066,16650.0,220000.0,16650.0,0.0,0.0,16650.00000000001,1.0913936421275139e-11,strategy_none,9.569637078347362e-09,2.233477206193687e-06
1330.0,0.2669849686890304,-13.115500457406604,-13.566516841036368,16398.18893630466,220000.0,16398.18893630466,0.0,0.0,16398.188936304676,1.4551915228366852e-11,strategy_none,9.400165134241406e-09,2.2428773713279287e-06
1335.0,0.2666583497184831,-13.10853829629994,-13.560137140235547,16134.345884812365,220000.0,16134.345884812365,0.0,0.0,16134.345884812396,3.092281986027956e-11,strategy_none,9.223274242481218e-09,2.25210064557041e-06
1340.0,0.26633733205291793,-13.101799087430976,-13.553757542309032,15861.361565207955,220000.0,15861.361565207955,0.0,0.0,15861.361565207926,-2.9103830456733704e-11,strategy_none,9.041064325272841e-09,2.2611417098956825e-06
1345.0,0.2660220398838975,-13.095284329107162,-13.547382504054585,15582.22685082267,220000.0,15582.22685082267,0.0,0.0,15582.226850822657,-1.2732925824820995e-11,strategy_none,8.855660896074905e-09,2.2699973707917575e-06
1350.0,0.26571253429712743,-13.088992976136732,-13.541016414890274,15299.999999999993,220000.0,15299.999999999993,0.0,0.0,15299.999999999993,0.0,strategy_none,8.669187655205409e-09,2.278666558446963e-06
1355.0,0.2654088127107461,-13.082921530209063,-13.534663547456194,15017.773149177336,220000.0,15017.773149177336,0.0,0.0,15017.773149177336,0.0,strategy_none,8.483740848196582e-09,2.2871502992951598e-06
1360.0,0.265110809013885,-13.077064158054512,-13.52832801110278,14738.63843479205,220000.0,14738.63843479205,0.0,0.0,14738.638434792065,1.4551915228366852e-11,strategy_none,8.301365741871656e-09,2.2954516650370316e-06
1365.0,0.26481839439891763,-13.071412832599993,-13.522013708758204,14465.65411518765,220000.0,14465.65411518765,0.0,0.0,14465.654115187674,2.3646862246096134e-11,strategy_none,8.124035463883649e-09,2.303575700500915e-06
1370.0,0.264531378873352,-13.065957492220763,-13.515724297561011,14201.811063695346,220000.0,14201.811063695346,0.0,0.0,14201.811063695366,2.000888343900442e-11,strategy_none,7.953632343593312e-09,2.3115293328445087e-06
1375.0,0.2642495134302259,-13.060686213270218,-13.509463153537647,13950.000000000013,220000.0,13950.000000000013,0.0,0.0,13949.999999999993,-2.000888343900442e-11,strategy_none,7.791931790775443e-09,2.319321264635284e-06
1380.0,0.26397249284919677,-13.05558539133315,-13.503233340502097,13712.979818810318,220000.0,13712.979818810318,0.0,0.0,13712.97981881029,-2.7284841053187847e-11,strategy_none,7.640588658050215e-09,2.326961853293334e-06
1385.0,0.2636999590943243,-13.050639927071579,-13.4970375832599,13493.347362831084,220000.0,13493.347362831084,0.0,0.0,13493.347362831102,1.8189894035458565e-11,strategy_none,7.501125956474909e-09,2.334462979249809e-06
1390.0,0.26343150526886006,-13.045833413087895,-13.490878245114338,13293.508971211037,220000.0,13293.508971211037,0.0,0.0,13293.508971211046,9.094947017729282e-12,strategy_none,7.3749257336273885e-09,2.341837904983436e-06
1395.0,0.2631666800822084,-13.041148318884925,-13.48475730960123,13115.654115187646,220000.0,13115.654115187646,0.0,0.0,13115.654115187637,-9.094947017729282e-12,strategy_none,7.263221880862539e-09,2.3491011268642986e-06
1400.0,0.2629049927796222,-13.036566171721049,-13.47867636632185,12961.731409782018,220000.0,12961.731409782018,0.0,0.0,12961.731409782005,-1.2732925824820995e-11,strategy_none,7.167094611239496e-09,2.3562682214755383e-06
1405.0,0.2626459184811548,-13.032067731903316,-13.472636600702398,12833.427264364975,220000.0,12833.427264364975,0.0,0.0,12833.427264364942,-3.2741809263825417e-11,strategy_none,7.087466340988417e-09,2.3633556878165266e-06
1410.0,0.26238890387290387,-13.027633161795888,-13.466638787483017,12732.147406003087,220000.0,12732.147406003087,0.0,0.0,12732.147406003103,1.6370904631912708e-11,strategy_none,7.025098713652545e-09,2.3703807865301793e-06
1415.0,0.2621333731906561,-13.023242188509276,-13.460683287729175,12659.001478018725,220000.0,12659.001478018725,0.0,0.0,12659.001478018743,1.8189894035458565e-11,strategy_none,6.980590525072648e-09,2.377361377055252e-06
1420.0,0.26187873443366305,-13.018874260845678,-13.454770049162118,12614.790882505662,220000.0,12614.790882505662,0.0,0.0,12614.790882505687,2.546585164964199e-11,strategy_none,6.95437633680932e-09,2.384315753392061e-06
1425.0,0.2616243857444444,-13.014508701578835,-13.448898609621017,12600.0,220000.0,12600.0,0.0,0.0,12599.999999999989,-1.0913936421275139e-11,strategy_none,6.946725603059419e-09,2.3912624789951205e-06
1430.0,0.26136972188921653,-13.010124856520443,-13.443068103495081,12614.790882505662,220000.0,12614.790882505662,0.0,0.0,12614.790882505627,-3.456079866737127e-11,strategy_none,6.957742179440885e-09,2.3982202211745614e-06
1435.0,0.2611141407727745,-13.00570224205254,-13.43727727099652,12659.001478018725,220000.0,12659.001478018725,0.0,0.0,12659.001478018708,-1.6370904631912708e-11,strategy_none,6.987364129294733e-09,2.4052075853038563e-06
1440.0,0.2608570499214121,-13.001220692876384,-13.431524470181593,12732.147406003085,220000.0,12732.147406003085,0.0,0.0,12732.147406003087,1.8189894035458565e-12,strategy_none,7.035363792781875e-09,2.412242949096638e-06
1445.0,0.26059787286773956,-12.996660511640256,-13.425807691664101,12833.427264364977,220000.0,12833.427264364977,0.0,0.0,12833.427264365,2.3646862246096134e-11,strategy_none,7.101348134653314e-09,2.4193442972312916e-06
1450.0,0.2603360553720569,-12.992002621865613,-13.420124576000033,12961.73140978201,220000.0,12961.73140978201,0.0,0.0,12961.731409782036,2.546585164964199e-11,strategy_none,7.1847594368497164e-09,2.426529056668141e-06
1455.0,0.26007107141626024,-12.987228725204456,-13.414472433751028,13115.654115187637,220000.0,13115.654115187637,0.0,0.0,13115.654115187695,5.820766091346741e-11,strategy_none,7.284876450685548e-09,2.433813933118827e-06
1460.0,0.25980242890810396,-12.982321463548486,-13.408848268254765,13293.508971211038,220000.0,13293.508971211038,0.0,0.0,13293.508971211017,-2.1827872842550278e-11,strategy_none,7.400816168729916e-09,2.4412147492875567e-06
1465.0,0.25952967503601787,-12.97726458589662,-13.40324880114017,13493.347362831086,220000.0,13493.347362831086,0.0,0.0,13493.347362831091,5.4569682106375694e-12,strategy_none,7.531536416771433e-09,2.4487462857043283e-06
1470.0,0.2592524012175916,-12.972043119200773,-13.397670500622674,13712.97981881032,220000.0,13712.97981881032,0.0,0.0,13712.979818810316,-3.637978807091713e-12,strategy_none,7.675839499306593e-09,2.4564221252036348e-06
1475.0,0.25897024758829085,-12.966643541683325,-13.392109612598352,13949.999999999998,220000.0,13949.999999999998,0.0,0.0,13949.999999999969,-2.9103830456733704e-11,strategy_none,7.83237715548866e-09,2.4642545023591235e-06
1480.0,0.2586829069809675,-12.961053956389472,-13.386562194525265,14201.81106369533,220000.0,14201.81106369533,0.0,0.0,14201.811063695335,5.4569682106375694e-12,strategy_none,7.99965709401746e-09,2.472254159453141e-06
1485.0,0.2583901283512631,-12.955264262040544,-13.381024152035792,14465.654115187644,220000.0,14465.654115187644,0.0,0.0,14465.654115187628,-1.6370904631912708e-11,strategy_none,8.176051372826734e-09,2.4804302108259678e-06
1490.0,0.2580917196090817,-12.949266317627492,-13.375491278166347,14738.638434792052,220000.0,14738.638434792052,0.0,0.0,14738.638434792012,-4.001776687800884e-11,strategy_none,8.359806870819715e-09,2.4887900176967874e-06
1495.0,0.257787549821905,-12.943054096662147,-13.369959295022106,15017.77314917733,220000.0,15017.77314917733,0.0,0.0,15017.773149177365,3.456079866737127e-11,strategy_none,8.549058063148589e-09,2.497339075759936e-06
1500.0,0.2574775507618233,-12.93662382661949,-13.364423897616708,15299.999999999996,220000.0,15299.999999999996,0.0,0.0,15300.000000000007,1.0913936421275139e-11,strategy_none,8.741842258316853e-09,2.5060809180182528e-06
1505.0,0.25716171777472707,-12.929974108883933,-13.35888079954326,15582.226850822653,220000.0,15582.226850822653,0.0,0.0,15582.226850822713,6.002665031701326e-11,strategy_none,8.936117385384877e-09,2.5150170354036376e-06
1510.0,0.25684010995710055,-12.923106014477344,-13.353325780046703,15861.361565207939,220000.0,15861.361565207939,0.0,0.0,15861.361565207959,2.000888343900442e-11,strategy_none,9.129782334533741e-09,2.5241468177381714e-06
1515.0,0.2565128496332331,-12.916023151009593,-13.347754731982597,16134.34588481236,220000.0,16134.34588481236,0.0,0.0,16134.345884812328,-3.092281986027956e-11,strategy_none,9.32069975702726e-09,2.5334675174951985e-06
1520.0,0.2561801211333379,-12.908731696658739,-13.34216371006738,16398.18893630466,220000.0,16398.18893630466,0.0,0.0,16398.18893630467,7.275957614183426e-12,strategy_none,9.506721125024896e-09,2.5429742386202233e-06
1525.0,0.2558421688809692,-12.901240397553874,-13.336548978754346,16649.999999999996,220000.0,16649.999999999996,0.0,0.0,16649.99999999998,-1.4551915228366852e-11,strategy_none,9.685713742411965e-09,2.5526599523626353e-06
1530.0,0.2554992948061606,-12.893560525685963,-13.330907059011578,16887.020181189666,220000.0,16887.020181189666,0.0,0.0,16887.020181189608,-5.820766091346741e-11,strategy_none,9.855589290102343e-09,2.5625155416527375e-06
1535.0,0.2551518551087594,-12.885705795389054,-13.32523477323636,17106.652637168907,220000.0,17106.652637168907,0.0,0.0,17106.652637168885,-2.1827872842550278e-11,strategy_none,1.001433338875395e-08,2.5725298750414915e-06
1540.0,0.2548002564043994,-12.877692237485766,-13.31952928751819,17306.491028788972,220000.0,17306.491028788972,0.0,0.0,17306.49102878896,-1.0913936421275139e-11,strategy_none,1.0160035574162455e-08,2.582689910615654e-06
1545.0,0.25444495129330325,-12.869538031339815,-13.313788150461587,17484.345884812352,220000.0,17484.345884812352,0.0,0.0,17484.345884812374,2.1827872842550278e-11,strategy_none,1.0290919011090796e-08,2.592980829626745e-06
1550.0,0.2540864333995117,-12.861263296261512,-13.308009327801985,17638.26859021798,220000.0,17638.26859021798,0.0,0.0,17638.26859021795,-2.9103830456733704e-11,strategy_none,1.0405369224628735e-08,2.6033861988513736e-06
1555.0,0.2537252319350752,-12.852889844922966,-13.302191232093646,17766.57273563502,220000.0,17766.57273563502,0.0,0.0,17766.572735635,-2.1827872842550278e-11,strategy_none,1.050196110807754e-08,2.613888159959451e-06
1560.0,0.25336190585007506,-12.844440902609552,-13.296332746817429,17867.85259399691,220000.0,17867.85259399691,0.0,0.0,17867.852593996897,-1.4551915228366852e-11,strategy_none,1.0579483475294678e-08,2.6244676434347457e-06
1565.0,0.2529970376349568,-12.835940797215125,-13.290433244347028,17940.998521981273,220000.0,17940.998521981273,0.0,0.0,17940.99852198124,-3.2741809263825417e-11,strategy_none,1.0636960464461472e-08,2.635104603899207e-06
1570.0,0.25263122684643374,-12.827414625835162,-13.284492597322698,17985.209117494338,220000.0,17985.209117494338,0.0,0.0,17985.209117494327,-1.0913936421275139e-11,strategy_none,1.0673669168819414e-08,2.6457782730680265e-06
1575.0,0.2522650834320691,-12.818887904584336,-13.278511183108405,18000.0,220000.0,18000.0,0.0,0.0,18000.00000000001,1.0913936421275139e-11,strategy_none,1.0689152965942345e-08,2.6564674260339687e-06
1580.0,0.2518992209314747,-12.810386208829787,-13.272489881147987,17985.209117494338,220000.0,17985.209117494338,0.0,0.0,17985.209117494338,0.0,strategy_none,1.0683230136922718e-08,2.6671506561708912e-06
1585.0,0.2515342496338256,-12.80193481136395,-13.26643006318372,17940.998521981277,220000.0,17940.998521981277,0.0,0.0,17940.99852198127,-7.275957614183426e-12,strategy_none,1.0655997505436074e-08,2.6778066536763273e-06
1590.0,0.2511707697720367,-12.793558326126753,-13.260333576451986,17867.85259399692,220000.0,17867.85259399692,0.0,0.0,17867.852593996893,-2.546585164964199e-11,strategy_none,1.060782897790667e-08,2.688414482654234e-06
1595.0,0.2508093648334667,-12.785280364922247,-13.254202720120437,17766.57273563502,220000.0,17766.57273563502,0.0,0.0,17766.572735635033,1.0913936421275139e-11,strategy_none,1.0539369023056542e-08,2.6989538516772904e-06
1600.0,0.25045059506541806,-12.777123214166366,-13.248040215374147,17638.26859021798,220000.0,17638.26859021798,0.0,0.0,17638.26859021796,-2.1827872842550278e-11,strategy_none,1.04515212847423e-08,2.7094053729620328e-06
1605.0,0.2500949912510194,-12.769107538067862,-13.241849169690092,17484.345884812363,220000.0,17484.345884812363,0.0,0.0,17484.345884812356,-7.275957614183426e-12,strategy_none,1.0345432668985592e-08,2.7197508056310183e-06
1610.0,0.24974304882736992,-12.76125211381061,-13.235633035955587,17306.49102878897,220000.0,17306.49102878897,0.0,0.0,17306.491028788954,-1.4551915228366852e-11,strategy_none,1.0222473377770716e-08,2.729973279008789e-06
1615.0,0.24939522241316364,-12.753573603307634,-13.229395567183296,17106.65263716892,220000.0,17106.65263716892,0.0,0.0,17106.652637168885,-3.637978807091713e-11,strategy_none,1.0084213472677619e-08,2.740057492481467e-06
1620.0,0.24905192080749872,-12.746086364977241,-13.223140767650445,16887.02018118968,220000.0,16887.02018118968,0.0,0.0,16887.02018118967,-1.0913936421275139e-11,strategy_none,9.932396636088143e-09,2.749989889117555e-06
1625.0,0.24871350251531307,-12.738802307795375,-13.216872841340782,16650.0,220000.0,16650.0,0.0,0.0,16650.00000000001,1.0913936421275139e-11,strategy_none,9.768911853368025e-09,2.7597588009709232e-06
1630.0,0.2483802718480001,-12.73173078865435,-13.21059613859372,16398.18893630466,220000.0,16398.18893630466,0.0,0.0,16398.188936304658,-3.637978807091713e-12,strategy_none,9.595763764501618e-09,2.769354564735425e-06
1635.0,0.24805247564036903,-12.724878552854383,-13.204315101865944,16134.345884812357,220000.0,16134.345884812357,0.0,0.0,16134.345884812363,5.4569682106375694e-12,strategy_none,9.415042428230906e-09,2.778769607163656e-06
1640.0,0.24773030061735646,-12.718249716416864,-13.198034211487538,15861.361565207966,220000.0,15861.361565207966,0.0,0.0,15861.361565207973,7.275957614183426e-12,strategy_none,9.228893207515432e-09,2.7879985003711714e-06
1645.0,0.24741387143589627,-12.71184578787865,-13.191757932249175,15582.226850822679,220000.0,15582.226850822679,0.0,0.0,15582.226850822673,-5.4569682106375694e-12,strategy_none,9.03948742522713e-09,2.7970379877963985e-06
1650.0,0.24710324941924153,-12.705665726340406,-13.185490661591832,15299.999999999993,220000.0,15299.999999999993,0.0,0.0,15299.999999999993,0.0,strategy_none,8.848994357773136e-09,2.8058869821541715e-06
1655.0,0.2467984319929205,-12.699706031827374,-13.179236680089135,15017.773149177328,220000.0,15017.773149177328,0.0,0.0,15017.773149177303,-2.546585164964199e-11,strategy_none,8.659555037040011e-09,2.8145465371912114e-06
1660.0,0.24649935282351204,-12.693960863497688,-13.173000104818472,14738.63843479206,220000.0,14738.63843479206,0.0,0.0,14738.63843479201,-4.9112713895738125e-11,strategy_none,8.473258223463551e-09,2.823019795414675e-06
1665.0,0.24620588265363663,-12.688422180912527,-13.166784846114759,14465.65411518765,220000.0,14465.65411518765,0.0,0.0,14465.654115187644,-5.4569682106375694e-12,strategy_none,8.292118801098407e-09,2.8313119142157733e-06
1670.0,0.24591783081906998,-12.683079903465712,-13.160594568094186,14201.811063695346,220000.0,14201.811063695346,0.0,0.0,14201.811063695319,-2.7284841053187847e-11,strategy_none,8.118058735050582e-09,2.839429972950824e-06
1675.0,0.24563494742676287,-12.677922083151074,-13.154432653228811,13949.999999999989,220000.0,13949.999999999989,0.0,0.0,13949.999999999962,-2.7284841053187847e-11,strategy_none,7.952890627774583e-09,2.8473828635785983e-06
1680.0,0.24535692616585933,-12.672935086108954,-13.148302171150256,13712.979818810325,220000.0,13712.979818810325,0.0,0.0,13712.97981881037,4.547473508864641e-11,strategy_none,7.798303817948457e-09,2.8551811673965467e-06
1685.0,0.24508340771758783,-12.668103778816414,-13.142205851765732,13493.347362831086,220000.0,13493.347362831086,0.0,0.0,13493.347362831064,-2.1827872842550278e-11,strategy_none,7.655852887342158e-09,2.862837020283889e-06
1690.0,0.24481398372419574,-12.663411715341025,-13.136146062685071,13293.508971211037,220000.0,13293.508971211037,0.0,0.0,13293.50897121108,4.3655745685100555e-11,strategy_none,7.526948379568068e-09,2.870363968663457e-06
1695.0,0.24454820127192803,-12.658841322732714,-13.130124790885876,13115.65411518764,220000.0,13115.65411518764,0.0,0.0,13115.654115187646,5.4569682106375694e-12,strategy_none,7.412849490960546e-09,2.8777768181544177e-06
1700.0,0.24428556783843436,-12.654374082346532,-13.124143628486971,12961.731409782024,220000.0,12961.731409782024,0.0,0.0,12961.731409782067,4.3655745685100555e-11,strategy_none,7.314658468103324e-09,2.885091476622521e-06
1705.0,0.24402555665093084,-12.649990705633998,-13.118203762459055,12833.427264364975,220000.0,12833.427264364975,0.0,0.0,12833.427264364971,-3.637978807091713e-12,strategy_none,7.233316437746993e-09,2.892324793060268e-06
1710.0,0.24376761239794584,-12.64567130367498,-13.112305968075919,12732.147406003085,220000.0,12732.147406003085,0.0,0.0,12732.147406003114,2.9103830456733704e-11,strategy_none,7.169600401359092e-09,2.899494393461627e-06
1715.0,0.24351115723454106,-12.641395550410374,-13.10645060589934,12659.001478018727,220000.0,12659.001478018727,0.0,0.0,12659.001478018747,2.000888343900442e-11,strategy_none,7.12412114612065e-09,2.9066185146077477e-06
1720.0,0.24325559701851318,-12.63714284014571,-13.100637622094483,12614.790882505662,220000.0,12614.790882505662,0.0,0.0,12614.790882505693,3.092281986027956e-11,strategy_none,7.097321854411118e-09,2.913715836462159e-06
1725.0,0.24300032771324034,-12.632892440399088,-13.094866551888492,12600.0,220000.0,12600.0,0.0,0.0,12599.99999999998,-2.000888343900442e-11,strategy_none,7.089477232278328e-09,2.920805313694437e-06
1730.0,0.24274474189153578,-12.628623641540601,-13.089136526010488,12614.790882505662,220000.0,12614.790882505662,0.0,0.0,12614.790882505626,-3.637978807091713e-11,strategy_none,7.100693021845437e-09,2.9279060067162828e-06
1735.0,0.24248823527409866,-12.62431590489791,-13.083446279983702,12659.001478018723,220000.0,12659.001478018723,0.0,0.0,12659.001478018688,-3.456079866737127e-11,strategy_none,7.130905811111797e-09,2.9350369125273944e-06
1740.0,0.2422302132359077,-12.619949011073885,-13.077794166176753,12732.147406003085,220000.0,12732.147406003085,0.0,0.0,12732.147406003105,2.000888343900442e-11,strategy_none,7.179883105523435e-09,2.942216795632918e-06
1745.0,0.24197009721418036,-12.615503210134221,-13.072178168558054,12833.427264364977,220000.0,12833.427264364977,0.0,0.0,12833.427264364995,1.8189894035458565e-11,strategy_none,7.247223677596247e-09,2.949464019310514e-06
1750.0,0.24170733095232116,-12.610959375080089,-13.066595920131707,12961.731409782014,220000.0,12961.731409782014,0.0,0.0,12961.731409782025,1.0913936421275139e-11,strategy_none,7.332358262455057e-09,2.956796377572969e-06
1755.0,0.24144138651560726,-12.606299159634299,-13.061044723062011,13115.65411518763,220000.0,13115.65411518763,0.0,0.0,13115.654115187657,2.7284841053187847e-11,strategy_none,7.434550717004104e-09,2.964230928289973e-06
1760.0,0.24117177001621126,-12.601505160857286,-13.055521571514133,13293.508971211037,220000.0,13293.508971211037,0.0,0.0,13293.508971211011,-2.546585164964199e-11,strategy_none,7.552899806980363e-09,2.9717838280969534e-06
1765.0,0.24089802698754642,-12.596561086495244,-13.050023177248207,13493.347362831086,220000.0,13493.347362831086,0.0,0.0,13493.34736283108,-5.4569682106375694e-12,strategy_none,7.686341827462232e-09,2.9794701699244155e-06
1770.0,0.24061974735084155,-12.59145192627601,-13.044545998001375,13712.979818810327,220000.0,13712.979818810327,0.0,0.0,13712.979818810332,5.4569682106375694e-12,strategy_none,7.83365429633182e-09,2.9873038242207475e-06
1775.0,0.2403365699203185,-12.586164125641947,-13.039086268675813,13949.99999999999,220000.0,13949.99999999999,0.0,0.0,13950.000000000002,1.0913936421275139e-11,strategy_none,7.99346098431897e-09,2.9952972852050664e-06
1780.0,0.24004818639735453,-12.580685759678778,-13.033640035320207,14201.81106369533,220000.0,14201.81106369533,0.0,0.0,14201.811063695319,-1.0913936421275139e-11,strategy_none,8.16423855713953e-09,3.003461523762206e-06
1785.0,0.23975434480856705,-12.575006704302282,-13.02820319184758,14465.654115187652,220000.0,14465.654115187652,0.0,0.0,14465.654115187644,-7.275957614183426e-12,strategy_none,8.344325102606006e-09,3.011805848864812e-06
1790.0,0.23945485234784905,-12.569118801137957,-13.02277151937485,14738.638434792041,220000.0,14738.638434792041,0.0,0.0,14738.638434792038,-3.637978807091713e-12,strategy_none,8.531930796578077e-09,3.02033777966139e-06
1795.0,0.23914957758800248,-12.563016012007262,-13.017340728000736,15017.77314917733,220000.0,15017.77314917733,0.0,0.0,15017.77314917729,-4.001776687800884e-11,strategy_none,8.72515092503878e-09,3.029062930586429e-06
1800.0,0.23883845203373633,-12.556694558549898,-13.011906500760865,15299.999999999996,220000.0,15299.999999999996,0.0,0.0,15300.000000000007,1.0913936421275139e-11,strategy_none,8.921981425103887e-09,3.0379849120115326e-06
1805.0,0.2385214709943901,-12.550153042291578,-13.006464539415244,15582.22685082266,220000.0,15582.22685082266,0.0,0.0,15582.226850822673,1.2732925824820995e-11,strategy_none,9.120337036098579e-09,3.047105249047631e-06
1810.0,0.23819869376176622,-12.543392540431862,-13.001010611637007,15861.36156520793,220000.0,15861.36156520793,0.0,0.0,15861.361565207928,-1.8189894035458565e-12,strategy_none,9.318072064763288e-09,3.0564233211123944e-06
1815.0,0.23787024308585142,-12.536416672790088,-12.995540599086205,16134.34588481236,220000.0,16134.34588481236,0.0,0.0,16134.34588481238,2.000888343900442e-11,strategy_none,9.513003669079334e-09,3.0659363247814737e-06
1820.0,0.2375363039489111,-12.5292316357144,-12.990050545772492,16398.18893630466,220000.0,16398.18893630466,0.0,0.0,16398.188936304687,2.546585164964199e-11,strategy_none,9.702937457056142e-09,3.0756392622385297e-06
1825.0,0.23719712164636866,-12.521846199325386,-12.984536706039645,16650.000000000004,220000.0,16650.000000000004,0.0,0.0,16650.000000000047,4.3655745685100555e-11,strategy_none,9.885695084873023e-09,3.085524957323403e-06
1830.0,0.23685299919094124,-12.514271665219006,-12.978995591446866,16887.020181189666,220000.0,16887.020181189666,0.0,0.0,16887.02018118967,3.637978807091713e-12,strategy_none,1.0059143428425036e-08,3.0955841007518277e-06
1835.0,0.23650429406458703,-12.506521782671406,-12.97342401578017,17106.652637168907,220000.0,17106.652637168907,0.0,0.0,17106.652637168914,7.275957614183426e-12,strategy_none,1.0221224799348777e-08,3.1058053255511763e-06
1840.0,0.23615141435081358,-12.498612622440737,-12.967819137404716,17306.49102878897,220000.0,17306.49102878897,0.0,0.0,17306.491028788958,-1.0913936421275139e-11,strategy_none,1.0369987586769295e-08,3.1161753131379457e-06
1845.0,0.23579481428767432,-12.490562408411014,-12.962178498168111,17484.345884812352,220000.0,17484.345884812352,0.0,0.0,17484.345884812377,2.546585164964199e-11,strategy_none,1.050361663478554e-08,3.1266789297727314e-06
1850.0,0.23543498928921655,-12.482391308527367,-12.95650005808687,17638.26859021798,220000.0,17638.26859021798,0.0,0.0,17638.268590217966,-1.4551915228366852e-11,strategy_none,1.062046261787669e-08,3.137299392390608e-06
1855.0,0.23507247049010496,-12.474121187683945,-12.950782225093942,17766.57273563502,220000.0,17766.57273563502,0.0,0.0,17766.572735635018,-3.637978807091713e-12,strategy_none,1.0719069655787587e-08,3.1480184620463954e-06
1860.0,0.23470781887450481,-12.465775326396734,-12.945023879194252,17867.85259399691,220000.0,17867.85259399691,0.0,0.0,17867.852593996948,3.637978807091713e-11,strategy_none,1.0798200418565612e-08,3.158816662464961e-06
1865.0,0.23434161905594256,-12.457378110175505,-12.939224390466102,17940.998521981273,220000.0,17940.998521981273,0.0,0.0,17940.998521981262,-1.0913936421275139e-11,strategy_none,1.0856858012351458e-08,3.169673520477313e-06
1870.0,0.23397447277966082,-12.448954695456834,-12.933383630456799,17985.209117494338,220000.0,17985.209117494338,0.0,0.0,17985.20911749432,-1.8189894035458565e-11,strategy_none,1.089430400672881e-08,3.1805678244840415e-06
1875.0,0.23360699222284567,-12.44053065873338,-12.927501976648063,18000.0,220000.0,18000.0,0.0,0.0,18000.00000000002,1.8189894035458565e-11,strategy_none,1.0910072062738497e-08,3.19147789654678e-06
1880.0,0.2332397931709508,-12.432131636080001,-12.92158030980647,17985.209117494338,220000.0,17985.209117494338,0.0,0.0,17985.2091174943,-3.637978807091713e-11,strategy_none,1.0903976743330507e-08,3.2023818732901103e-06
1885.0,0.2328734881501103,-12.42378296061053,-12.915620004182298,17940.998521981277,220000.0,17940.998521981277,0.0,0.0,17940.99852198126,-1.8189894035458565e-11,strategy_none,1.0876117229920498e-08,3.213257990520031e-06
1890.0,0.23250867959628296,-12.415509305485221,-12.90962291067158,17867.85259399692,220000.0,17867.85259399692,0.0,0.0,17867.852593996955,3.637978807091713e-11,strategy_none,1.0826875823585532e-08,3.2240848663436164e-06
1895.0,0.2321459531412912,-12.407334339924304,-12.903591333206089,17766.57273563502,220000.0,17766.57273563502,0.0,0.0,17766.572735635007,-1.4551915228366852e-11,strategy_none,1.0756911270241504e-08,3.234841777613858e-06
1900.0,0.23178587109431534,-12.399280405274572,-12.897527998779283,17638.26859021798,220000.0,17638.26859021798,0.0,0.0,17638.268590218,1.8189894035458565e-11,strategy_none,1.066714710847144e-08,3.2455089247223297e-06
1905.0,0.23142896619471495,-12.391368217540881,-12.89143602164828,17484.345884812363,220000.0,17484.345884812363,0.0,0.0,17484.345884812352,-1.0913936421275139e-11,strategy_none,1.055875538916644e-08,3.256067680111496e-06
1910.0,0.23107573570832676,-12.383616601960034,-12.88531886236836,17306.49102878897,220000.0,17306.49102878897,0.0,0.0,17306.49102878901,4.001776687800884e-11,strategy_none,1.0433136250925004e-08,3.266500816362421e-06
1915.0,0.23072663593471346,-12.376042264195913,-12.879180282413724,17106.65263716892,220000.0,17106.65263716892,0.0,0.0,17106.65263716893,7.275957614183426e-12,strategy_none,1.029189394824239e-08,3.276792710310663e-06
1920.0,0.23038207718730258,-12.36865960161371,-12.873024295213343,16887.02018118968,220000.0,16887.02018118968,0.0,0.0,16887.02018118967,-1.0913936421275139e-11,strategy_none,1.0136810016160671e-08,3.2869295203268236e-06
1925.0,0.23004241930206937,-12.36148055689378,-12.866855114481746,16650.000000000004,220000.0,16650.000000000004,0.0,0.0,16649.999999999985,-1.8189894035458565e-11,strategy_none,9.969814311969442e-09,3.296899334638793e-06
1930.0,0.22970796772350363,-12.354514515020448,-12.860677100750678,16398.18893630466,220000.0,16398.18893630466,0.0,0.0,16398.188936304676,1.4551915228366852e-11,strategy_none,9.79295470014108e-09,3.306692289338934e-06
1935.0,0.2293789702091838,-12.34776824347601,-12.854494707008374,16134.345884812357,220000.0,16134.345884812357,0.0,0.0,16134.345884812372,1.4551915228366852e-11,strategy_none,9.608366141035135e-09,3.316300655479969e-06
1940.0,0.22905561418649423,-12.34124587433144,-12.84831242433008,15861.361565207968,220000.0,15861.361565207968,0.0,0.0,15861.36156520794,-2.7284841053187847e-11,strategy_none,9.418239908757519e-09,3.3257188953887265e-06
1945.0,0.2287380247869921,-12.334948925894288,-12.842134728337921,15582.226850822679,220000.0,15582.226850822679,0.0,0.0,15582.226850822693,1.4551915228366852e-11,strategy_none,9.224793602123279e-09,3.33494368899085e-06
1950.0,0.22842626357578538,-12.328876360686747,-12.835966027263163,15299.999999999993,220000.0,15299.999999999993,0.0,0.0,15299.999999999965,-2.7284841053187847e-11,strategy_none,9.030242529412592e-09,3.3439739315202625e-06
1955.0,0.22812032798514206,-12.323024675811041,-12.829810612302467,15017.773149177328,220000.0,15017.773149177328,0.0,0.0,15017.773149177368,4.001776687800884e-11,strategy_none,8.8367729478935e-09,3.352810704468156e-06
1960.0,0.2278201514535216,-12.317388021234974,-12.823672610865765,14738.63843479206,220000.0,14738.63843479206,0.0,0.0,14738.638434792041,-1.8189894035458565e-11,strategy_none,8.646517528837915e-09,3.3614572219969943e-06
1965.0,0.22752560426340335,-12.311958341208689,-12.817555943211028,14465.65411518765,220000.0,14465.65411518765,0.0,0.0,14465.654115187626,-2.3646862246096134e-11,strategy_none,8.461533304088827e-09,3.369918755301083e-06
1970.0,0.22723649506376625,-12.306725533906222,-12.81146428285454,14201.811063695346,220000.0,14201.811063695346,0.0,0.0,14201.811063695328,-1.8189894035458565e-11,strategy_none,8.283782237026525e-09,3.3782025375381093e-06
1975.0,0.22695257305592628,-12.301677624465562,-12.805401021038737,13950.000000000004,220000.0,13950.000000000004,0.0,0.0,13950.00000000004,3.637978807091713e-11,strategy_none,8.115114454407299e-09,3.3863176519925166e-06
1980.0,0.2266735308147195,-12.296800946863423,-12.799369235436938,13712.979818810325,220000.0,13712.979818810325,0.0,0.0,13712.979818810312,-1.2732925824820995e-11,strategy_none,7.957254080525816e-09,3.3942749060730423e-06
1985.0,0.226399007710779,-12.292080330483913,-12.793371663179137,13493.347362831086,220000.0,13493.347362831086,0.0,0.0,13493.34736283112,3.456079866737127e-11,strategy_none,7.811787534989559e-09,3.402086693608032e-06
1990.0,0.226128593893928,-12.28749928779532,-12.787410678198324,13293.508971211037,220000.0,13293.508971211037,0.0,0.0,13293.508971211035,-1.8189894035458565e-12,strategy_none,7.680154092416935e-09,3.409766847700449e-06
1995.0,0.22586183479252284,-12.28304020020385,-12.781488272825161,13115.654115187643,220000.0,13115.654115187643,0.0,0.0,13115.654115187639,-3.637978807091713e-12,strategy_none,7.563638457734978e-09,3.417330486158184e-06
2000.0,0.22559823607894638,-12.278684499871545,-12.77560604350174,12961.731409782024,220000.0,12961.731409782024,0.0,0.0,12961.731409782014,-9.094947017729282e-12,strategy_none,7.46336508445715e-09,3.424793851242641e-06
2005.0,0.2253372690473798,-12.27441284603059,-12.76976518044374,12833.427264364975,220000.0,12833.427264364975,0.0,0.0,12833.427264364947,-2.7284841053187847e-11,strategy_none,7.3802939544147986e-09,3.432174145197056e-06
2010.0,0.2250783763464709,-12.270205295060663,-12.76396646105466,12732.147406003085,220000.0,12732.147406003085,0.0,0.0,12732.147406003107,2.1827872842550278e-11,strategy_none,7.315217544145373e-09,3.4394893627412013e-06
2015.0,0.2248209780065698,-12.266041464284582,-12.758210246885469,12659.001478018727,220000.0,12659.001478018727,0.0,0.0,12659.001478018698,-2.9103830456733704e-11,strategy_none,7.268758723271466e-09,3.446758121464473e-06
2020.0,0.2245644776988073,-12.261900690047588,-12.752496483936557,12614.790882505662,220000.0,12614.790882505662,0.0,0.0,12614.790882505675,1.2732925824820995e-11,strategy_none,7.2413693612469965e-09,3.45399949082572e-06
2025.0,0.22430826916144567,-12.257762181149143,-12.746824706114685,12600.0,220000.0,12600.0,0.0,0.0,12599.999999999973,-2.7284841053187847e-11,strategy_none,7.233329458316019e-09,3.461232820284036e-06
2030.0,0.22405174272762415,-12.253605169070118,-12.741194041683057,12614.790882505662,220000.0,12614.790882505662,0.0,0.0,12614.79088250566,-1.8189894035458565e-12,strategy_none,7.244746662146472e-09,3.4684775669461824e-06
2035.0,0.22379429188784777,-12.249409056665934,-12.735603222575067,12659.001478018723,220000.0,12659.001478018723,0.0,0.0,12659.001478018723,0.0,strategy_none,7.275556081360087e-09,3.4757531230275427e-06
2040.0,0.2235353198203228,-12.245153567067621,-12.730050596478456,12732.147406003085,220000.0,12732.147406003085,0.0,0.0,12732.147406003123,3.8198777474462986e-11,strategy_none,7.325520359413051e-09,3.483078643386956e-06
2045.0,0.22327424582252062,-12.240818894444862,-12.724534141633569,12833.427264364975,220000.0,12833.427264364975,0.0,0.0,12833.427264364926,-4.9112713895738125e-11,strategy_none,7.394230025523139e-09,3.490472873412479e-06
2050.0,0.22301051157815635,-12.236385858042214,-12.719051484323629,12961.731409782014,220000.0,12961.731409782014,0.0,0.0,12961.731409782018,3.637978807091713e-12,strategy_none,7.481104192245193e-09,3.497953977604724e-06
2055.0,0.22274358719509652,-12.231836060513176,-12.71359991906372,13115.65411518763,220000.0,13115.65411518763,0.0,0.0,13115.65411518762,-9.094947017729282e-12,strategy_none,7.585391720429133e-09,3.505539369325153e-06
2060.0,0.2224729769515702,-12.22715205106444,-12.708176431515486,13293.508971211037,220000.0,13293.508971211037,0.0,0.0,13293.508971211015,-2.1827872842550278e-11,strategy_none,7.70617302003217e-09,3.5132455423451853e-06
2065.0,0.22219822469045006,-12.222317493308577,-12.7027777241642,13493.347362831086,220000.0,13493.347362831086,0.0,0.0,13493.34736283108,-5.4569682106375694e-12,strategy_none,7.842362697645852e-09,3.521087905042831e-06
2070.0,0.2219189188043027,-12.217317337036558,-12.697400244792048,13712.97981881031,220000.0,13712.97981881031,0.0,0.0,13712.979818810352,4.18367562815547e-11,strategy_none,7.992713296417235e-09,3.5290806183392486e-06
2075.0,0.22163469675738476,-12.21213799239491,-12.692040217764953,13949.999999999989,220000.0,13949.999999999989,0.0,0.0,13950.000000000007,1.8189894035458565e-11,strategy_none,8.155820398820246e-09,3.537236438738069e-06
2080.0,0.2213452490947844,-12.206767504221874,-12.686693678119564,14201.81106369533,220000.0,14201.81106369533,0.0,0.0,14201.811063695297,-3.2741809263825417e-11,strategy_none,8.33012937496953e-09,3.5455665681130385e-06
2085.0,0.22105032289347812,-12.201195723599755,-12.681356508392442,14465.654115187652,220000.0,14465.654115187652,0.0,0.0,14465.654115187654,1.8189894035458565e-12,strategy_none,8.513944056528725e-09,3.554080512169567e-06
2090.0,0.2207497246151819,-12.195414473053663,-12.676024478075865,14738.638434792041,220000.0,14738.638434792041,0.0,0.0,14738.638434792034,-7.275957614183426e-12,strategy_none,8.705437596846882e-09,3.562785949766414e-06
2095.0,0.2204433223265124,-12.18941770130543,-12.670693285515808,15017.77314917733,220000.0,15017.77314917733,0.0,0.0,15017.773149177328,-1.8189894035458565e-12,strategy_none,8.902665740538388e-09,3.571688615506952e-06
2100.0,0.22013104725811558,-12.183201623107264,-12.665358601989862,15299.999999999996,220000.0,15299.999999999996,0.0,0.0,15300.000000000016,2.000888343900442e-11,strategy_none,9.103582669964706e-09,3.5807921981769168e-06
2105.0,0.21981289468103693,-12.176764839459967,-12.66001611761907,15582.22685082266,220000.0,15582.22685082266,0.0,0.0,15582.22685082263,-3.092281986027956e-11,strategy_none,9.306059522703289e-09,3.59009825769962e-06
2110.0,0.21948892408565382,-12.170108433485932,-12.654661588681327,15861.36156520793,220000.0,15861.36156520793,0.0,0.0,15861.36156520793,0.0,strategy_none,9.507905584933828e-09,3.5996061632845538e-06
2115.0,0.21915925865591437,-12.163236037391059,-12.649290885808796,16134.345884812357,220000.0,16134.345884812357,0.0,0.0,16134.34588481237,1.2732925824820995e-11,strategy_none,9.706892063709278e-09,3.609313055348263e-06
2120.0,0.21882408403935782,-12.156153866317299,-12.643900042471845,16398.18893630466,220000.0,16398.18893630466,0.0,0.0,16398.188936304676,1.4551915228366852e-11,strategy_none,9.900778230322457e-09,3.6192138335785854e-06
2125.0,0.21848364642134843,-12.148870715454892,-12.638485303081042,16650.000000000004,220000.0,16650.000000000004,0.0,0.0,16649.99999999999,-1.4551915228366852e-11,strategy_none,1.0087339612319434e-08,3.6293011731909048e-06
2130.0,0.2181382499200435,-12.14139791753743,-12.633043169980738,16887.020181189666,220000.0,16887.020181189666,0.0,0.0,16887.020181189662,-3.637978807091713e-12,strategy_none,1.0264397798691016e-08,3.639565570989596e-06
2135.0,0.21778825332673024,-12.133749258761897,-12.627570448566118,17106.652637168907,220000.0,17106.652637168907,0.0,0.0,17106.65263716892,1.4551915228366852e-11,strategy_none,1.042985131728885e-08,3.6499954223068846e-06
2140.0,0.21743406622418993,-12.12594085222964,-12.622064289733201,17306.49102878897,220000.0,17306.49102878897,0.0,0.0,17306.49102878898,1.0913936421275139e-11,strategy_none,1.0581706951483249e-08,3.660577129258368e-06
2145.0,0.2170761445235554,-12.117990969155434,-12.616522228870464,17484.345884812352,220000.0,17484.345884812352,0.0,0.0,17484.34588481234,-1.0913936421275139e-11,strategy_none,1.0718110790096975e-08,3.671295240048465e-06
2150.0,0.2167149854675927,-12.109919829297557,-12.61094222062298,17638.26859021798,220000.0,17638.26859021798,0.0,0.0,17638.268590217987,7.275957614183426e-12,strategy_none,1.0837378255622766e-08,3.682132618304088e-06
2155.0,0.21635112215532604,-12.10174935327514,-12.60532266870585,17766.57273563502,220000.0,17766.57273563502,0.0,0.0,17766.572735635018,-3.637978807091713e-12,strategy_none,1.0938022334561468e-08,3.6930706406386494e-06
2160.0,0.21598511764930944,-12.093502880611462,-12.599662450112778,17867.85259399691,220000.0,17867.85259399691,0.0,0.0,17867.852593996955,4.3655745685100555e-11,strategy_none,1.1018779243007807e-08,3.704089419881657e-06
2165.0,0.21561755873250735,-12.085204858425202,-12.593960933156755,17940.99852198127,220000.0,17940.99852198127,0.0,0.0,17940.998521981255,-1.4551915228366852e-11,strategy_none,1.1078630801449069e-08,3.715168050683106e-06
2170.0,0.2152490493865625,-12.076880506640634,-12.588217988890518,17985.209117494338,220000.0,17985.209117494338,0.0,0.0,17985.20911749438,4.3655745685100555e-11,strategy_none,1.1116822864588748e-08,3.7262848735476948e-06
2175.0,0.21488020406710995,-12.068555466362008,-12.582433995581775,18000.0,220000.0,18000.0,0.0,0.0,18000.00000000004,4.001776687800884e-11,strategy_none,1.1132879252621592e-08,3.7374177528003166e-06
2180.0,0.21451164085465327,-12.06025543862373,-12.57660983605815,17985.209117494338,220000.0,17985.209117494338,0.0,0.0,17985.209117494323,-1.4551915228366852e-11,strategy_none,1.1126610755958619e-08,3.748544363556275e-06
2185.0,0.2141439745612961,-12.052005821061742,-12.570746887885145,17940.998521981277,220000.0,17940.998521981277,0.0,0.0,17940.9985219813,2.1827872842550278e-11,strategy_none,1.1098118930652777e-08,3.759642482486928e-06
2190.0,0.2137778098742773,-12.043831350138081,-12.564847006492046,17867.85259399692,220000.0,17867.85259399692,0.0,0.0,17867.85259399695,3.2741809263825417e-11,strategy_none,1.1047794560319567e-08,3.7706902770472474e-06
2195.0,0.21341373461677776,-12.035755756386099,-12.558912501510903,17766.57273563502,220000.0,17766.57273563502,0.0,0.0,17766.57273563503,7.275957614183426e-12,strategy_none,1.0976310824962695e-08,3.7816665878722103e-06
2200.0,0.2130523132048608,-12.027801439735033,-12.552946106737203,17638.26859021798,220000.0,17638.26859021798,0.0,0.0,17638.268590217987,7.275957614183426e-12,strategy_none,1.0884611380212733e-08,3.792551199252423e-06
2205.0,0.212694080376709,-12.019989171337114,-12.546950944253169,17484.345884812363,220000.0,17484.345884812363,0.0,0.0,17484.345884812374,1.0913936421275139e-11,strategy_none,1.0773893704531086e-08,3.803325092956954e-06
2210.0,0.21233953526658586,-12.012337827485135,-12.540930483371223,17306.49102878897,220000.0,17306.49102878897,0.0,0.0,17306.49102878897,0.0,strategy_none,1.064558820988195e-08,3.813970681166836e-06
2215.0,0.2119891358912577,-12.004864160208768,-12.534888495152554,17106.65263716892,220000.0,17106.65263716892,0.0,0.0,17106.652637168918,-3.637978807091713e-12,strategy_none,1.0501333727102362e-08,3.824472014893938e-06
2220.0,0.21164329411105584,-11.997582608015668,-12.52882900333103,16887.02018118968,220000.0,16887.02018118968,0.0,0.0,16887.020181189655,-2.546585164964199e-11,strategy_none,1.0342950065833845e-08,3.834814964959772e-06
2225.0,0.21130237112144937,-11.990505149044639,-12.52275623252385,16650.000000000004,220000.0,16650.000000000004,0.0,0.0,16650.000000000033,2.9103830456733704e-11,strategy_none,1.017240840708061e-08,3.844987373366853e-06
2230.0,0.2109666735240589,-11.983641197671405,-12.51667455463646,16398.18893630466,220000.0,16398.18893630466,0.0,0.0,16398.18893630462,-4.001776687800884e-11,strategy_none,9.991800312572032e-09,3.854979173679425e-06
2235.0,0.21063645001859613,-11.976997544400893,-12.510588434370197,16134.345884812357,220000.0,16134.345884812357,0.0,0.0,16134.345884812356,-1.8189894035458565e-12,strategy_none,9.803306129232816e-09,3.864782479808658e-06
2240.0,0.21031188874939646,-11.970578337739562,-12.504502374718024,15861.361565207968,220000.0,15861.361565207968,0.0,0.0,15861.361565207992,2.3646862246096134e-11,strategy_none,9.609163530974176e-09,3.874391643339631e-06
2245.0,0.20999311533215104,-11.96438510570876,-12.498420863288185,15582.226850822679,220000.0,15582.226850822679,0.0,0.0,15582.226850822693,1.4551915228366852e-11,strategy_none,9.411636877026007e-09,3.8838032802166575e-06
2250.0,0.20968019157826806,-11.958416813771136,-12.492348320230539,15299.999999999996,220000.0,15299.999999999996,0.0,0.0,15300.000000000047,5.093170329928398e-11,strategy_none,9.212987980687769e-09,3.893016268197345e-06
2255.0,0.20937311492611996,-11.952669955224968,-12.48628904845882,15017.77314917733,220000.0,15017.77314917733,0.0,0.0,15017.773149177357,2.7284841053187847e-11,strategy_none,9.015448780196394e-09,3.902031716977542e-06
2260.0,0.20907181858037316,-11.947138669595775,-12.480247186768034,14738.63843479206,220000.0,14738.63843479206,0.0,0.0,14738.638434792094,3.456079866737127e-11,strategy_none,8.821196290463555e-09,3.910852913268005e-06
2265.0,0.20877617235274962,-11.94181488423185,-12.4742266663437,14465.654115187652,220000.0,14465.654115187652,0.0,0.0,14465.654115187657,5.4569682106375694e-12,strategy_none,8.632330096966049e-09,3.9194852433649715e-06
2270.0,0.20848598419002104,-11.936688474192094,-12.468231171052935,14201.811063695348,220000.0,14201.811063695348,0.0,0.0,14201.811063695372,2.3646862246096134e-11,strategy_none,8.45085253712731e-09,3.927936095902099e-06
2275.0,0.20820100236786043,-11.931747435594053,-12.46226410180062,13950.000000000007,220000.0,13950.000000000007,0.0,0.0,13950.000000000013,5.4569682106375694e-12,strategy_none,8.278651605587846e-09,3.936214747507687e-06
2280.0,0.20792091832243217,-11.926978067852259,-12.456328545131067,13712.979818810327,220000.0,13712.979818810327,0.0,0.0,13712.979818810314,-1.2732925824820995e-11,strategy_none,8.11748652247374e-09,3.944332234030161e-06
2285.0,0.20764537008533837,-11.922365160659675,-12.450427246160249,13493.347362831086,220000.0,13493.347362831086,0.0,0.0,13493.347362831093,7.275957614183426e-12,strategy_none,7.968975821709078e-09,3.952301209851869e-06
2290.0,0.20737394628179154,-11.917892182120145,-12.44456258583889,13293.508971211037,220000.0,13293.508971211037,0.0,0.0,13293.508971211002,-3.456079866737127e-11,strategy_none,7.834587751975472e-09,3.960135797603845e-06
2295.0,0.20710619064667696,-11.913541465094456,-12.438736562474812,13115.654115187643,220000.0,13115.654115187643,0.0,0.0,13115.65411518768,3.8198777474462986e-11,strategy_none,7.715632737267173e-09,3.967851430341113e-06
2300.0,0.20684160700851692,-11.909294389541285,-12.432950777385804,12961.731409782024,220000.0,12961.731409782024,0.0,0.0,12961.731409782029,5.4569682106375694e-12,strategy_none,7.6132576171336e-09,3.9754646879582465e-06
2305.0,0.20657966468726224,-11.905131559379587,-12.427206424512676,12833.427264364975,220000.0,12833.427264364975,0.0,0.0,12833.427264364938,-3.637978807091713e-11,strategy_none,7.528441377654566e-09,3.982993129335901e-06
2310.0,0.2063198042483151,-11.901032973133864,-12.421504283796438,12732.147406003085,220000.0,12732.147406003085,0.0,0.0,12732.14740600308,-5.4569682106375694e-12,strategy_none,7.46199209116688e-09,3.9904551214270675e-06
2315.0,0.20606144355222805,-11.896978188312744,-12.415844718113036,12659.001478018727,220000.0,12659.001478018727,0.0,0.0,12659.001478018703,-2.3646862246096134e-11,strategy_none,7.414544803461965e-09,3.9978696662305295e-06
2320.0,0.20580398403712255,-11.89294648008179,-12.410227673562611,12614.790882505662,220000.0,12614.790882505662,0.0,0.0,12614.79088250569,2.7284841053187847e-11,strategy_none,7.386560139049216e-09,4.005256226369579e-06
2325.0,0.20554681716901654,-11.888916995295405,-12.404652682925905,12600.0,220000.0,12600.0,0.0,0.0,12600.000000000007,7.275957614183426e-12,strategy_none,7.37832343558645e-09,4.012634549805165e-06
2330.0,0.20528933099394112,-11.884868903327,-12.399118872125799,12614.790882505662,220000.0,12614.790882505662,0.0,0.0,12614.790882505651,-1.0913936421275139e-11,strategy_none,7.389944265377012e-09,4.020024494070542e-06
2335.0,0.20503091672494883,-11.880781545364531,-12.393624969564328,12659.001478018723,220000.0,12659.001478018723,0.0,0.0,12659.001478018703,-2.000888343900442e-11,strategy_none,7.421356252876152e-09,4.027445850323418e-06
2340.0,0.20477097529687124,-11.876634583910098,-12.388169318241662,12732.147406003085,220000.0,12732.147406003085,0.0,0.0,12732.147406003107,2.1827872842550278e-11,strategy_none,7.47231715071863e-09,4.0349181674741365e-06
2345.0,0.20450892382196337,-11.872408154134424,-12.382749890600374,12833.427264364975,220000.0,12833.427264364975,0.0,0.0,12833.427264364956,-1.8189894035458565e-11,strategy_none,7.54240919138527e-09,4.042460576665521e-06
2350.0,0.20424420188037898,-11.86808301849419,-12.37736430607258,12961.731409782014,220000.0,12961.731409782014,0.0,0.0,12961.731409781982,-3.2741809263825417e-11,strategy_none,7.631039785881169e-09,4.050091616451402e-06
2355.0,0.20397627758075546,-11.86364072563348,-12.372009851336143,13115.65411518763,220000.0,13115.65411518763,0.0,0.0,13115.654115187595,-3.456079866737127e-11,strategy_none,7.737442693239887e-09,4.057829059144642e-06
2360.0,0.20370465332805154,-11.85906377407811,-12.36668350330647,13293.508971211037,220000.0,13293.508971211037,0.0,0.0,13293.508971211035,-1.8189894035458565e-12,strategy_none,7.860679833627424e-09,4.065689738978269e-06
2365.0,0.2034288712381827,-11.854335780617179,-12.361381954900024,13493.347362831086,220000.0,13493.347362831086,0.0,0.0,13493.347362831073,-1.2732925824820995e-11,strategy_none,7.999643961304103e-09,4.073689382939573e-06
2370.0,0.20314851814194143,-11.84944165257904,-12.35610164360271,13712.979818810309,220000.0,13712.979818810309,0.0,0.0,13712.979818810332,2.3646862246096134e-11,strategy_none,8.153062449429347e-09,4.081842445389003e-06
2375.0,0.2028632301241784,-11.844367762481898,-12.35083878285981,13949.999999999989,220000.0,13949.999999999989,0.0,0.0,13949.999999999973,-1.6370904631912708e-11,strategy_none,8.319502464136871e-09,4.09016194785314e-06
2380.0,0.20257269654825769,-11.83910212280841,-12.345589396273299,14201.81106369533,220000.0,14201.81106369533,0.0,0.0,14201.811063695326,-3.637978807091713e-12,strategy_none,8.497377817905312e-09,4.098659325671045e-06
2385.0,0.2022766635203843,-11.833634557956163,-12.340349354547708,14465.65411518765,220000.0,14465.65411518765,0.0,0.0,14465.654115187639,-1.0913936421275139e-11,strategy_none,8.68495778960722e-09,4.107344283460652e-06
2390.0,0.2019749367535293,-11.82795686978866,-12.335114415068027,14738.638434792041,220000.0,14738.638434792041,0.0,0.0,14738.638434792072,3.092281986027956e-11,strategy_none,8.880378178793292e-09,4.1162246616394456e-06
2395.0,0.2016673837963337,-11.822062992689721,-12.329880263924156,15017.773149177328,220000.0,15017.773149177328,0.0,0.0,15017.77314917731,-1.8189894035458565e-11,strategy_none,9.081654823499788e-09,4.125306316462946e-06
